Generation,CountEval,Fitness,phi.proc.1,phi.startTime.1,phi.endTime.1,phi.jobOps.1,phi.arrival.1,phi.procTotal.1,phi.wait.1,phi.mac.1,phi.macOps.1,phi.macFree.1,phi.makespan.1,phi.step.1,phi.slotReduced.1,phi.slots.1,phi.slotsTotal.1,phi.wrmMac.1,phi.wrmJob.1,phi.wrmTotal.1
1,12,772.7600,-0.081499282086715932,0.18663435727809274,0.16181206154610986,0.2092387858295526,0.02650612664371102,0.14843053933470765,0.18133592435253318,0.33471054408535467,0.13648980798567081,0.059336993788077316,0.41276996630795254,0.27907362156772691,0.18614835937833143,0.1499953147407892,0.10459210830428591,0.12548816844546315,0.079383861410946444,0.05521696066612581
2,24,708.9040,-0.19223492608334775,0.000907315309592714,0.10928590031729563,0.099068134068765218,-0.18124312385550076,0.021352424474118878,0.097904503611216429,0.0558128180888711,0.028420338642592448,-0.1268696704509194,0.23453362143890497,0.015689812231729092,0.095595615470203482,0.11665001723447689,-0.013446577571123487,0.11135988103198131,0.040045624739774452,0.28678125989722369
3,36,718.8220,-0.096306038473273653,0.030031148591903836,-0.065018355016370266,-0.14064566129923661,-0.16454817417410536,0.025882466513520129,0.12613170302135368,0.10310915937834465,0.11643185086433236,-0.00042452404018119774,0.446536267026014,-0.090342495148310747,0.070896952754196579,-0.21124313308596621,0.1222081138973557,0.21443828625436723,0.082461380949556629,0.19754655901611434
4,48,707.3500,0.043918345200486771,-0.044511781604812242,-0.16483664900639905,-0.17986891522291623,-0.23633505999258683,-0.013312286405355133,0.30091045294005986,0.10565110356272109,-0.024333004690096638,0.07957911148307531,0.23905533822611783,0.049864846074389242,0.058955693042768952,-0.19470718671511442,0.035781202106060124,0.23974650515449006,0.16449728644572179,0.11786856481495811
5,60,708.1920,-0.022516165345008575,-0.11947447172192771,-0.17002858300358775,-0.028576601948377654,-0.30498082046623914,0.040383440233400222,0.028104950171424045,0.27672398956103522,-0.17881474611973364,0.29713137815971746,0.28115030387495782,-0.093002132418633282,0.08578946581437169,-0.1274692633836611,-0.20373583170109308,0.051378783928040281,0.18369250587831676,0.061938297040596162
6,72,723.1380,0.030409521374049151,-0.12315672751090016,-0.1919635356334751,-0.093761771289342377,-0.16624913850684692,-0.038867055986680756,0.00321538429152353,0.35561572938033043,-0.059452427318205769,0.29487149356493431,0.19016542778757595,-0.10125361959099105,-0.086649095756665684,-0.21406624449074757,-0.1573827841537524,0.12612680448213986,0.15286015758627014,0.13683938785769487
7,84,703.6080,0.11611855030358793,-0.016857059695183654,-0.25616475138506378,0.15349736251034157,-0.17396493299138074,-0.19139137139193296,0.14854261914173644,0.1060462494408425,-0.046248492474927391,0.0087381564233097262,0.30269554400934379,0.13516108676879135,0.17565312708335776,-0.093924203575330018,-0.17228132808107646,0.18070491203451289,0.20136458808940341,0.080296655620762
8,96,682.8080,-0.060003088805885209,-0.25482848988773921,-0.11700192279131398,0.063484540858271765,-0.14090807310344403,-0.086988478196040581,-0.0237115221463599,0.055980085062508345,0.18630891486985751,-0.023672700019602894,0.15323814299939506,-0.14240934509462663,0.064006332886736073,-0.0869808969347259,-0.15551270894438121,0.24510378468268,0.31728482659932411,0.18310991796949375
9,108,668.6020,-0.086924290202126137,-0.29043978117222413,-0.15081940505537844,0.046225452004657032,-0.017588263148775356,0.00975344169636988,-0.010218500455184363,0.0683033970438967,0.039640325636108545,-0.22178520469152688,0.028393265758954213,-0.20455037641266288,0.14246552523599038,-0.1391892969843555,-0.038138291212068395,0.19148417096794679,0.39679035341408986,0.37178747057159006
10,120,671.0040,0.035036108693127455,-0.19106777410953121,-0.26326090996571516,0.0042274901015849475,0.033268935743157327,0.059949916851812023,0.11304527176524501,0.10350189925525088,-0.076239890781810316,-0.13896177041461247,-0.067040371119448688,-0.17579583751599562,0.27990165658907912,-0.19892473635114227,0.093454886626271952,-0.12575112075328529,0.42879344841534278,0.15291723222268938
11,132,673.5880,-0.21267297497204665,-0.039580961559000614,-0.17973638191271979,-0.019762208889726445,-0.24882324778191184,0.055905684832771328,-0.079330326591479511,-0.13616372716833694,-0.095319388957691875,-0.098707952719644929,-0.058695177217582682,-0.034412192843678843,0.16122172286327152,-0.1781519049124643,-0.06558712496340359,0.035174107765293131,0.36001649428816895,0.050443758363475914
12,144,681.8080,-0.034734999244823608,0.00326758836501453,-0.13523654736518059,-0.0897097424922437,-0.26229202442791,0.064854164840279671,-0.063650491498189424,-0.10481225233224223,0.057761758317715739,-0.11640400867514822,-0.2390354103804023,-0.10481368343950261,0.090797328418465731,-0.04671119540846539,0.072769992760930227,0.0688673632549827,0.24599128606366855,0.058873745493112167
13,156,683.5800,0.0080374892547260615,0.097493064555462278,0.0043175738329958389,0.045957968913147469,-0.36239467565478467,-0.127870317881967,-0.13906085209458327,-0.1352466053831948,0.20713195321433392,-0.13768060550132763,-0.24845995966706613,-0.0573580790520824,0.19325671274013079,-0.2277662583202226,0.0736849687498512,0.084947970422121918,0.30390237414484111,0.19675469672172946
14,168,671.2540,0.14135919503134006,0.016478664743104089,-0.16020602665964534,0.027076687934299903,-0.38121120704095934,0.0041060601685297942,-0.028278234460041671,-0.026091853359160807,0.17325050308719803,-0.30529340506531766,-0.31861735917446332,-0.096399887096876732,0.1447564364011196,-0.11830380964265041,0.10586205900528503,0.0515405057314342,0.43329042925967537,0.1292947628966859
15,180,671.6820,0.11828208712762336,0.023915333407889663,-0.241240875471786,0.053252131949514732,-0.27930157212763351,0.057821124664413213,-0.10508474825266076,0.024401795479346188,0.18132383033179544,-0.25426111162575749,-0.24720108971953297,-0.16482949983936934,0.0022666012526913904,-0.18711451679973462,0.16455995169396684,-0.054025843179351385,0.32896246109585814,0.10266257502861487
16,192,669.0580,0.046714975164069084,-0.014434022760079346,-0.21664126737318762,0.0228848843079228,-0.40195309565048015,0.060395943558125824,-0.23415741159511622,-0.15579852362007926,0.15254718582564639,-0.11135507077376186,-0.25970391432516038,-0.24587708101281669,0.11483020849997737,-0.17017094243509981,0.074831819166259667,-0.050899488980145673,0.42838231010715327,0.13094380846126111
17,204,670.9380,0.046526349247813861,0.060979178121410772,-0.17715512197336095,0.10710257310623893,-0.36506464910086617,-0.011001519428606712,-0.1836988419289049,-0.18246901170181182,0.13019829103837188,-0.19474686304367858,-0.35430844154920116,-0.15815247867223631,0.16324061200248918,-0.17436046480899065,0.095323491236155133,-0.090833892342300923,0.42711427927389506,-0.0448815088877834
18,216,671.1100,-0.086480915372651,-0.11808317141274463,-0.0947062399787072,-0.041111067326742932,-0.2894941883610716,0.03986089037715905,-0.12634170098483868,-0.20395132120267712,0.27307783429166954,-0.206014409067348,-0.36174808890083088,-0.23631362057241609,0.048564196745673222,-0.069754435085920163,0.10987717299772663,-0.016300567537951168,0.43426686304132067,-0.021857386068343768
19,228,670.6880,0.002696505863832765,-0.23625215428671079,-0.06513996779077,-0.094242434653705312,-0.209758323199333,0.019380224171559369,-0.1222200123180046,-0.23566405517761413,0.2811456662636162,-0.21365171968790667,-0.36802219930407432,-0.37180604187548971,0.085099841392237821,-0.078371144570006712,0.082638708829235255,-0.15715951269031195,0.38514361618773285,-0.0021459448965783575
20,240,672.6760,0.055212012844348249,-0.24733484216687676,-0.10108299807237615,-0.052861249331333432,-0.10923914375932148,0.02275261019902668,-0.00076542634523453631,-0.21759172363799664,0.28372170261474,-0.089248432271940389,-0.45066224890808987,-0.29903868454599491,0.078616872507766791,-0.25528995070840405,-0.00019261289991643086,-0.22211631152517872,0.334151460297097,-0.047776160430457182
21,252,670.4320,0.037828303051329157,-0.21817619268329796,-0.13475523002625633,-0.048465431974271937,-0.14452311644580718,-0.040847163519672346,-0.016387999595192122,-0.12443376037722312,0.33006314481574356,-0.15441349415200556,-0.41749560444176254,-0.29390823319972265,0.12016224135482798,-0.10677915974801933,0.068276978818025524,-0.27519017288842634,0.40424712452844153,0.055575007396692896
22,264,669.9600,0.036154212603806836,-0.32090995138243644,-0.17851411799453923,-0.13346134676228558,-0.16650626958388784,0.029450552408012982,-0.025864295597471727,-0.20734989463420184,0.3059555864617467,-0.19696645780612387,-0.38217922265453558,-0.17810453531074749,0.089472392797618164,-0.029995848214633081,-0.016233692596051803,-0.34709816651888048,0.4290136753330997,0.086926303629008245
23,276,671.2840,0.011070866394176189,-0.31956697261405403,-0.16154966262045833,-0.15893737718750248,-0.1975045801963094,0.076926486617320738,-0.039915911137484189,-0.19715315322077709,0.1558320665116405,-0.231379127613153,-0.40293923580857682,-0.16918345993030121,0.053318564661104316,0.006277218460811149,-0.053373599557679757,-0.45392154702468324,0.3492875376481569,0.10302618405342125
24,288,670.2600,-0.051130401345030219,-0.25205324068765533,-0.13031721049480421,-0.2774478524720454,-0.23213842789760941,0.043644114400612874,-0.027518705173269535,-0.0708866345007942,0.21245062685283991,-0.33420067390666591,-0.24378372444359023,-0.15107102474760908,0.0036037991939966616,0.0083840492178040623,0.067281515809793149,-0.43625528581978951,0.40193622750448227,0.035798030859474875
25,300,672.7120,-0.0647380641067083,-0.2457716495797562,-0.17994790230093077,-0.30920437706818055,-0.27779332039820803,0.13483311272869578,-0.07787189153159213,-0.068009616453260369,0.2328892286307665,-0.32105689586858449,-0.29439603232833933,-0.13225003449325798,0.0042471940098826374,-0.1235832671580315,0.12287253884028272,-0.44906230728115792,0.31017563214531241,0.052134244803534395
26,312,672.2380,0.048332708231815978,-0.28646675289415541,-0.068094304063964051,-0.29002252859047362,-0.25524779053169472,0.073827306887379957,-0.0021306113794353483,-0.045651977778721715,0.28339080469212363,-0.37050177716643407,-0.32795454901732146,-0.1850716879016599,0.0016508260119638305,-0.093265664264652451,0.090525928213997173,-0.39237685989460147,0.31970621709882774,-0.020434720100362989
27,324,671.1340,0.079347070048503859,-0.21547381777072985,-0.13484746906457615,-0.273317656706119,-0.2197764608080523,0.10958077416631605,-0.10344187842398476,-0.030837077766820181,0.21802343405453606,-0.35969094000116308,-0.33836353287580467,-0.16602947366295792,0.026334106946936719,-0.15762823503923684,0.092352863027872129,-0.36506812200415456,0.3964616748975075,-0.098561361927308827
28,336,670.4700,0.14943336752128344,-0.16687548802310159,-0.1112280084937939,-0.21803045665729076,-0.20033262391087675,0.090319623272318211,-0.062583349176518435,-0.070015052735834013,0.25474737900667221,-0.44231660611165707,-0.28339924937892813,-0.26362946339485688,0.041848284861427484,-0.17715853545537941,0.11551243758170286,-0.27840104947212124,0.38351105971101224,-0.1141999502856534
29,348,669.4740,0.14757847220963546,-0.20660068046984634,-0.098135577957277148,-0.25983851132263791,-0.1596757418291973,0.061216360602172948,-0.036819173703244182,-0.060304155358253557,0.26448211333478849,-0.46925147915842491,-0.17115167586301214,-0.28566940967667126,0.10079709097143202,-0.16661885388493017,0.083273838445609261,-0.22410419902770276,0.43648682566710667,-0.14728713671284832
30,360,669.6260,0.1627097658792124,-0.14168206964865224,-0.10496447327400447,-0.29012854956878514,-0.1152328739954168,0.072075812874021428,-0.03287358579594734,-0.077721485201247414,0.23282664562723696,-0.57712392277838354,-0.12711675656934393,-0.28232000382114658,0.10585251482002539,-0.13144652718699115,0.12102918537644584,-0.22192833777057594,0.3859918350493759,-0.12678404106589433
31,372,670.7260,0.16160993933367968,-0.11412443476216931,-0.14610245229906907,-0.1811790561396828,-0.0621810792280682,0.11166568819394032,-0.011123807943549864,-0.061939455902727439,0.19846867817076524,-0.60291634074010736,-0.0092895213275093445,-0.30848639742648759,0.034431636962881942,-0.18218849267921997,0.1434543422480142,-0.13004899508861151,0.45040852029403644,-0.088914167604608407
32,384,669.1320,0.10795524077679287,-0.11903632487287025,-0.12940191657213843,-0.15660311808603922,-0.14197085386896224,0.08423894821195102,-0.079893776618260554,-0.043228858201238222,0.16752242123488922,-0.63013523869814436,0.0012656345957576952,-0.27326152539858395,0.088820531350554774,-0.18822296285170637,0.11814241605880854,-0.18476709353739296,0.43227544053905864,-0.11145820189630913
33,396,670.4740,0.042408302155673018,-0.12463362663110737,-0.22239398427629725,-0.15924990800132441,-0.18317977110114417,0.082322852480683981,-0.065866734427740464,-0.034838211712402596,0.14305109859572865,-0.56261188918807437,-0.004095792338350039,-0.19608819649438447,0.052187140704096552,-0.12933784706638671,0.13427467485399894,-0.34239538380662832,0.43074029623925819,-0.048262391194324447
34,408,669.1520,0.025428657892803987,-0.16176450387111521,-0.19729139210373878,-0.21031192708761309,-0.19516358710934192,0.11299864275147425,-0.10169532547823576,0.014924180259031004,0.12873885707894347,-0.58400373554346341,0.040462717532128531,-0.21625290387528912,0.0031235139726598594,-0.14103522050413891,0.11176506877692434,-0.30501274288689478,0.45404616948522719,-0.053421409683860478
35,420,668.6680,0.092231331367614772,-0.29955862636284081,-0.26306982085140812,-0.18976335337514821,-0.14102657758427739,0.096214400183964779,-0.1002769840194785,0.0021401370983938147,0.16149758544990361,-0.49065107773845956,0.076784435508148285,-0.26656623703544718,-0.025597332530988413,-0.12743070408780582,0.034105162537810228,-0.32761494002129776,0.42410553845323884,-0.1234743961251485
36,432,668.3140,0.11999073539218892,-0.308946180146044,-0.26372219441464861,-0.18672109391362593,-0.1706612858775193,0.098605022791492331,-0.045022928366052664,0.0068272093481340944,0.21979178390396964,-0.4722081359870775,0.024319797957566523,-0.31131466066995683,-0.042737418547146834,-0.20894487262781122,0.010566886144429114,-0.31175497432143412,0.38668080198105703,-0.046850168563885568
37,444,668.1440,0.10462295873917675,-0.29045861211041135,-0.24482210314560826,-0.21186187303977508,-0.13381403205864081,0.068495307921164941,-0.02412128367504663,-0.062668468860191215,0.23085049813597855,-0.51927625169924418,0.0043118604018345143,-0.27625155386072114,-0.010734380810627204,-0.17635902984350302,0.0156274512283627,-0.31908509817075881,0.41869660956320215,0.021382346915767902
38,456,669.4100,0.13425499240449304,-0.34265213879127188,-0.28178508270039376,-0.15305437296537114,-0.11021726204279417,0.11300287292479765,0.011038128597111336,-0.055367815377124166,0.26036650721189786,-0.46425237303249872,0.023873482069222,-0.22768923746757047,-0.01090861842159112,-0.1833395698200159,-0.0746017394367078,-0.33559102860410078,0.42780646367006508,0.059856907452262513
39,468,668.6640,0.10930291225132117,-0.33081115383135667,-0.22676151016369761,-0.1943793822242311,-0.11245756928214547,0.057782462544389984,-0.026210335361254684,0.019871404606638148,0.31556123377024431,-0.46960801694564192,0.020342772994886817,-0.19181544275427645,-0.0071945723203684512,-0.25272743378043339,-0.085880576233824363,-0.30897597928086423,0.38690186175367058,0.099333144573076279
40,480,668.6260,0.10190066893137395,-0.38003413599307717,-0.17231045296545874,-0.22871791362470112,-0.12245843651602648,0.045211043993411124,-0.10642210626356534,0.099451605055214609,0.26643269001833608,-0.43389340506474611,0.03463465652321656,-0.20719590503207075,-0.027691454995403774,-0.29724454916040521,-0.11790209884191287,-0.31826339758038175,0.37773559977824156,0.095173716284866636
41,492,669.7940,0.17504346689161174,-0.35201718169624896,-0.22927039416723763,-0.24958584959787394,-0.15919497873816887,0.0016668720066344751,-0.17493648396541253,0.093272025244509782,0.20212350711754454,-0.44132368575030734,0.010260681190186895,-0.1030520386484378,-0.013312948611646239,-0.31394616459248792,-0.037293327115918373,-0.3160937564695242,0.34442300594028563,0.14254600426064806
42,504,669.6580,0.096508180784064368,-0.39259031638169123,-0.28827345402450261,-0.24038511223243839,-0.18516556230615289,0.026998738749717418,-0.13849308455908363,0.15928432714220706,0.19312519923524374,-0.36027925748002193,0.072547127304459932,-0.041241026267698384,-0.072549482881278216,-0.35619654708810805,-0.090210652865862523,-0.29059847850324394,0.34725168169223453,0.17654910939980331
43,516,669.5660,0.10545372608868601,-0.35819185332884118,-0.34764686784518423,-0.229244134509365,-0.1758526601109133,0.098581587214309249,-0.13875816417679535,0.16562419405358295,0.20802892310140342,-0.3642480605107245,0.078156184870133039,-0.0028143349903748402,-0.13824848737739434,-0.3040817176474902,-0.045332815041529216,-0.28741479969828854,0.35166241017060224,0.14676584221933991
44,528,668.1820,0.1178162609345282,-0.34995433547869786,-0.33737770752940927,-0.20894779152645154,-0.18487632640423191,0.058991244061784673,-0.10139019840548402,0.13924205202982004,0.23778155941181742,-0.35604463896837152,0.060589569604315691,0.023463651078744784,-0.136387333824276,-0.26033364037781759,-0.030758760032526661,-0.34542276935380084,0.36993087402762781,0.1546398743241342
45,540,668.8280,0.20218080404835614,-0.29707925386794537,-0.3552036263511007,-0.26095804049062543,-0.24930145813412896,0.073329534251355549,-0.10568115126239126,0.10920413970601553,0.2096736895426661,-0.39969413287799493,0.077748502536871031,0.00521003453086978,-0.14345005925356022,-0.26215036995396196,0.013147508118908849,-0.37492903666504257,0.28839576477769469,0.10626062007969166
46,552,668.9360,0.15462408254331667,-0.265170934109158,-0.27914921322335606,-0.23747556364678019,-0.31610416885791803,0.067089445214164087,-0.21009440077336153,0.024721414080384814,0.18865180951250793,-0.34466573880124429,-0.015767656364699574,-0.022923678300877749,-0.10108692510237735,-0.3433032830505176,0.0928391656872921,-0.39431195480027093,0.29622620766635371,0.070692637900117761
47,564,668.3820,0.11559614660662428,-0.29889553638238453,-0.25702298650431071,-0.26096478726924077,-0.313771466122869,0.033209401646324417,-0.19486930148235987,-0.018971581054522558,0.18729798257832678,-0.29889546978122156,-0.010887621567766894,-0.0075503886532124276,-0.091757624916994518,-0.3588462129170632,0.096987733727749034,-0.40886751413277866,0.30817596224558474,0.08145401769791645
48,576,669.3880,0.087209053683168669,-0.21157002406798059,-0.27694969344427434,-0.25063578556324889,-0.31687856587077817,0.044202932332875387,-0.21576342315190239,0.028547011335347729,0.1515044206769319,-0.27189516056231844,-0.13219280525296312,0.054858267593042312,-0.095181677849096188,-0.32692465594606063,0.0451760405302909,-0.4375706561048604,0.38495503679280668,0.0816273122170414
49,588,669.1940,0.10625284595796991,-0.21359906466776613,-0.272677837382108,-0.18440228112555682,-0.255936630074356,0.066989167501614613,-0.21041378435823185,0.034348719505447857,0.11399043815122653,-0.2715875960303995,-0.13719299331526313,0.0408241141167819,-0.090936740506659425,-0.31591487484399655,0.018547532564337756,-0.47694506343913795,0.43424796400499238,0.098211972915434723
50,600,668.7180,0.12505796383711321,-0.19480219000302124,-0.30565530859859225,-0.13538352799347322,-0.19848127406011473,0.02471604869092732,-0.19521914426942588,0.059209763264264741,0.11837899933888833,-0.30972827160699057,-0.11098204894414762,0.0030850962586774782,-0.087517810731669116,-0.30818520357088924,-0.059641370066675622,-0.44481409469166849,0.46356539845041544,0.16234724925864677
51,612,668.5280,0.10492849396429527,-0.17611362825083285,-0.27611411446813988,-0.13731070639007606,-0.26046972208384922,0.023159334372518554,-0.20957476179349008,0.086396934440360493,0.14254199754096947,-0.33413622874773524,-0.10650657058205708,-0.057022460370007827,-0.092851449759329088,-0.29776287289261705,-0.0714302031747988,-0.41204679974482133,0.50106280769654177,0.15843132156934536
52,624,668.3020,0.033785823730241971,-0.17130357001256083,-0.26091713387987464,-0.10529613124260181,-0.21638974200255107,0.008528278754213154,-0.20442963340484582,0.12801692329208944,0.19220434615875059,-0.36191941040800824,-0.057058175874941774,-0.0676808927741778,-0.10911361231344908,-0.24869897129125271,-0.088716960528703231,-0.41152245030739043,0.53189499969428644,0.17438655002096029
53,636,668.5060,-0.00877635015524562,-0.1873517713819996,-0.25456989490868931,-0.15362259060545397,-0.21834820575189334,0.010201958860154122,-0.14689175914639557,0.15719090921751169,0.22620788573524553,-0.36259345355847705,-0.020915905263359104,-0.033231099405037552,-0.048850280470377573,-0.28609217708606205,-0.0940351140935947,-0.34838477423767189,0.539433699265438,0.21016446875032907
54,648,667.9200,-0.0018543274566611397,-0.20773930858979844,-0.28574878661403919,-0.14642195550965978,-0.19671951802016574,-0.020799790126259647,-0.16864857744404066,0.1265061584839739,0.19872926758926551,-0.28117383345282526,0.00086400431126849766,-0.030870899942933076,-0.10651998118980797,-0.30363535851208823,-0.11253811599098654,-0.37282128006491233,0.55163546458765256,0.17091844148855867
55,660,667.8320,-0.009740546289257513,-0.20929734202898875,-0.28605798084088219,-0.13770991689140349,-0.21300800223982175,0.004581170440011606,-0.18819096410640782,0.114459412797406,0.20414592331065493,-0.31517849989536256,-0.019148132211112702,0.010949297665346237,-0.12659639176075235,-0.32362634600314977,-0.1284336145216477,-0.39098249831492538,0.51768942050911282,0.12593362980669021
56,672,668.1840,-0.031336654920064662,-0.20829427324680905,-0.30059398563540685,-0.11881580365043802,-0.24600967480541328,0.0042008766424629883,-0.1758007308757103,0.09298345816353798,0.18007445483027706,-0.2906978122861113,-0.024676201024215454,0.010950276213327819,-0.15059701555636526,-0.32587732367936434,-0.10548880389162735,-0.386392897872352,0.54486900651338521,0.0933092552388908
57,684,667.7580,0.025490277354494557,-0.212063757528845,-0.29935599369567606,-0.10830444748361807,-0.21532346305209454,-0.00450119146535528,-0.17226986296500266,0.12303478370363596,0.18116111735133403,-0.32153817832668419,0.0094270142789052731,0.015425497101930443,-0.17459909555442021,-0.3361540424506354,-0.087649838876644862,-0.36372696743987731,0.52823388998030751,0.14268308052022419
58,696,668.0680,0.060852214709862684,-0.16580495848967614,-0.310742078387358,-0.090352657694055538,-0.2450983527457086,0.018909797054149222,-0.19948500967776545,0.100849426223358,0.19030467648639396,-0.34750329982166622,0.00687102076340964,0.092706478404580725,-0.15036325289070243,-0.33157208509295116,-0.015984905757127351,-0.37543903253525412,0.49089667221338762,0.16913086733151536
59,708,668.0220,0.051896764158893813,-0.16918062800916184,-0.30841798568359174,-0.067302011809852569,-0.23151487854693231,0.021185804611633698,-0.20597491699647905,0.15001445025358995,0.1897528708640111,-0.33955458020183327,0.011814136500078233,0.11394702608857797,-0.16082199318403836,-0.31565769704988822,-0.023896302301308278,-0.38342865859649256,0.492405497389918,0.20073461691218922
60,720,667.9020,0.070757547908415167,-0.17480045623732493,-0.28311562135844132,-0.10310701329605503,-0.25279346386020013,0.0028864620602198159,-0.25357578913633971,0.11242574719589056,0.16407068723704074,-0.34739295391113539,-0.0045034294036588093,0.11494708386054515,-0.15836189613418444,-0.33954576100302386,0.030305151597428269,-0.37476018956515544,0.47301277096671623,0.18354218404635386
61,732,667.8320,0.0761086819246001,-0.1888435980073857,-0.27065347450147814,-0.10672911857719511,-0.25429485584899,0.0030231776359296893,-0.22660724914684577,0.11052422694932837,0.15371521995016907,-0.34538422621745207,-0.0075034595561617482,0.15600403825289041,-0.14602129603444627,-0.35344176698248853,0.0071747302545693975,-0.39904219874200964,0.475252927004108,0.15864064683471577
62,744,668.3180,0.068673878828507964,-0.2228822781537953,-0.27161753024944707,-0.13595307251455355,-0.23978992211536171,0.0020376386625796791,-0.18161296382887571,0.10989139505505147,0.16170862272421957,-0.35901816926079316,-0.0024935328104195393,0.12454506444296977,-0.14957309898363735,-0.31216053567985014,0.02047679177025263,-0.41508192401332872,0.48213236402749782,0.1833568551920331
63,756,667.7480,0.067143407650850168,-0.22911075366801792,-0.31109833385477836,-0.1590999941507846,-0.23403388550819471,0.026877487839693164,-0.19735845994219858,0.13366723263549804,0.16705284253385574,-0.34088730599581524,0.0086374122692780622,0.10734985783283975,-0.13649848471564865,-0.32345315476963765,0.0028807034477338635,-0.38414259664679279,0.47516274451318441,0.16569864317545491
64,768,667.8660,0.073935422560289177,-0.24662866535473538,-0.30459941613332064,-0.15753990085039291,-0.23868222336837516,0.030863976611696816,-0.20597458009343647,0.12247723857485497,0.11968932745939763,-0.35471878813602309,0.018502073224176328,0.12887300814824532,-0.14789638466584376,-0.31448084631245438,0.025314606066624327,-0.38196265630892934,0.47994274627688122,0.18063299461220633
65,780,667.7200,0.058459291383733861,-0.25489234076736855,-0.28110972141931062,-0.1394669637051294,-0.25474997776404718,0.0099565364548928337,-0.2356609086718916,0.11552329350080334,0.11804068025538972,-0.34946364972915295,0.027326814861620745,0.13385427520805562,-0.14862310630632031,-0.31399469632477855,-0.0061515731093101725,-0.37250701232111172,0.48413464063956319,0.19567089716595851
66,792,667.8020,0.045736446353811952,-0.24873100571149837,-0.28010221461306595,-0.12463031897807043,-0.26433236424516088,0.012186548530265616,-0.24311576708976504,0.10804521712523475,0.10579769463925207,-0.35690418442505406,0.02235769048130325,0.15681773464189264,-0.15930645849955621,-0.31886852127485477,0.023244827141341049,-0.35230934037810668,0.48422686080553706,0.20476117018771409
67,804,667.7140,0.043912672567554871,-0.2388790431203579,-0.2736641288159003,-0.13560442836381945,-0.26300123057807578,0.0066571838115992476,-0.23574926546048056,0.12275346314238988,0.10030184029997873,-0.37032048369032949,0.032958255729689738,0.16759430899756278,-0.14699903892925162,-0.31290252225823273,0.043959605691140088,-0.33558587672814133,0.48942410994176061,0.20761472798900646
68,816,667.8620,0.052088684375489823,-0.23917227441081496,-0.27576054085072554,-0.14886764821749807,-0.24878302138862982,0.0069292194058422239,-0.249675188278105,0.11525149445918377,0.10452748653820074,-0.37072032997696186,0.029272717025302212,0.15338476643389287,-0.142468428586394,-0.30764490477731082,0.036617384810787204,-0.3303254278049309,0.5087500817462538,0.19312736893877677
69,828,667.7560,0.051255947260145339,-0.26105004060270587,-0.26841439503694337,-0.15391446948299581,-0.24918070445370058,0.0019463955717948177,-0.25170182569742944,0.13124422886290163,0.09344708846565207,-0.36040390333443922,0.031758883506794448,0.13886682557092994,-0.13466399566975146,-0.3090962027086292,0.0065610093610209246,-0.31392378231565821,0.5111137663735,0.22029028981781643
70,840,667.4680,0.047292679444678062,-0.28782098142196244,-0.24232324647598372,-0.18302371486115193,-0.23007339051931056,-0.0072373879094584457,-0.22581677579399972,0.14752567962550397,0.10861257090706955,-0.38019732959881014,0.056956845764416342,0.11673840783472821,-0.12428727083666183,-0.3087006882359794,0.029821537472475835,-0.33605765221973416,0.49646415765571827,0.1981100982937653
71,852,667.6720,0.03268480374163462,-0.26325182377930462,-0.23402667716536799,-0.19254208875525972,-0.23128249048126109,-0.010315734003291202,-0.22344957898492862,0.16471662732935605,0.11046729645479543,-0.37575238434991282,0.055615508562803014,0.10997132056788698,-0.13421321544698281,-0.33114956634131576,0.044994731930026406,-0.33760515936516422,0.49367661033133375,0.2033606883987
72,864,667.8840,0.032748937944652813,-0.27103423805944604,-0.22785057360569633,-0.18867290666630021,-0.2416322701923666,-0.012939743742514012,-0.21572744329047172,0.19149409565966366,0.12824622411078726,-0.35314331975063146,0.038674818985051269,0.12210372244121037,-0.12068841074390504,-0.31650666439177461,0.040397412945427362,-0.34993659116793807,0.49928706399346473,0.20715368295776773
73,876,667.5900,0.019057669839105167,-0.29019358894774439,-0.24785915311526538,-0.18785451959233013,-0.23333640183815213,0.0047626401198178131,-0.20877058345127567,0.23514600562677407,0.13052240579937358,-0.35386406582409885,0.050301780888320151,0.1268403475710522,-0.11795627627072364,-0.29849787537345568,0.031312824381384267,-0.33313616086840742,0.4815992811270548,0.21491669221546292
74,888,667.6260,0.027361836786692493,-0.332296825922906,-0.25468701819560491,-0.2203368207832925,-0.23280255228170205,0.011678734224391115,-0.20276466578586269,0.22139852773080032,0.12803046715412547,-0.33763012747175275,0.060114569898381168,0.12217000832432137,-0.12546101368314194,-0.30309284006055215,0.034048297866114026,-0.3480365576725431,0.44467185140129278,0.21090677430051205
75,900,667.6700,0.019538776394296711,-0.32622354361966643,-0.26949007777024975,-0.22253825336707903,-0.23122344261799482,0.024511933566437213,-0.20775141762418281,0.23009754986487327,0.11987554602572792,-0.33967876905168615,0.073168635631670212,0.11098099538302247,-0.1343341947895591,-0.27664348394287047,0.036713423740730174,-0.33736544227887338,0.45080378465675336,0.22645669096591259
76,912,667.6680,0.0097646353205959168,-0.32571199110908228,-0.27567340107432159,-0.21933891892344279,-0.25160879143605019,0.042618413104236731,-0.20866489650315004,0.26697191351531158,0.090612852526618118,-0.32546710686947511,0.050736102464481465,0.11394552586216322,-0.12494406058627952,-0.25121752231793876,0.037555837530988664,-0.32696718775805272,0.45254340399027604,0.24480388270344314
77,924,667.8040,0.0088166760866515963,-0.35258957547979886,-0.25412191827370523,-0.21605551799214914,-0.23889992497449272,0.0343641381831992,-0.20165964697415911,0.26847897191761816,0.077983248195538993,-0.35543947952553828,0.055516086959607885,0.098261565056068881,-0.11406211158551335,-0.24868870176582164,0.036143288390290268,-0.29877495479126076,0.46411771021140685,0.23943588563679996
78,936,667.5200,-0.02491147721170512,-0.34165698840284048,-0.24304839579235557,-0.21523049944390904,-0.24194101696485881,0.048665498965037628,-0.19789618666192108,0.25801791144036185,0.086537140932979165,-0.370930519305739,0.062365139355597655,0.080363337444894156,-0.1070481425106321,-0.24750608264991392,0.025040412951138798,-0.28332991929405543,0.47780500625473743,0.23313467428999629
79,948,667.8140,-0.013226391640316066,-0.33331619819323771,-0.24638958676771314,-0.22690568708682338,-0.27390667504709193,0.05845724588276812,-0.22505466971431456,0.27386262328243988,0.10797873444526968,-0.37386908579902478,0.050763565184366172,0.074132787099147668,-0.09583658707262141,-0.24043088402745147,0.043856568407989197,-0.25510624322251441,0.46567594111881833,0.2220087546311188
80,960,667.7780,0.00032819473759636134,-0.32429666290358766,-0.23979289817786617,-0.24718018529258151,-0.27395162635398523,0.03746609420880824,-0.24002217634640721,0.27632108299468189,0.083141474391803083,-0.37072793397549064,0.033778388866043743,0.076441539343987314,-0.074091009461598537,-0.25329817074019445,0.033334035260990158,-0.270637997676029,0.47329393973772049,0.19072417010391143
81,972,667.8080,-0.0037203896186550232,-0.32635034470249935,-0.24239402345163177,-0.25484486273815804,-0.27386039857842215,0.021588077889280469,-0.23711013489817775,0.25292469703980391,0.071961465025881827,-0.37341690905135638,0.039841929227032426,0.0824446666312727,-0.080186923920628123,-0.279107566498827,0.027376063983183766,-0.26398629079149577,0.47058736111693256,0.17496261943305685
82,984,667.6340,0.0081783364839224278,-0.32884162520727428,-0.22789250205513847,-0.25267208054978496,-0.27964895391417055,0.0066691324962070272,-0.24255989859182317,0.28156585092863967,0.10762385508354053,-0.36646907953501334,0.056399438031284888,0.088804885259104863,-0.0726421483022237,-0.2806234731651811,0.037741476211191248,-0.24941068747447798,0.45686029062402655,0.18837580773634235
83,996,667.7040,0.011120054329208949,-0.31970712549694297,-0.22540382142627163,-0.24970050382363651,-0.28069383961510314,0.010929019526139396,-0.26572139958568175,0.26528355183666424,0.1183314794939663,-0.36954018731455723,0.04591370091689171,0.0948244168393812,-0.049022100878521914,-0.26368435346359004,0.046318971336843831,-0.2251359882261644,0.4879885911225329,0.17705269689922712
84,1008,667.3900,0.015447296547086773,-0.2999226082804603,-0.20211502100214498,-0.25261762359638085,-0.30244858257698631,-0.0024750517522503937,-0.27683677265692397,0.26306665557698089,0.1135589981540723,-0.36605086497765549,0.025190312846214796,0.094398485104705734,-0.044594482370306381,-0.28408821645933413,0.058856385852411611,-0.24157909121429638,0.47255715001724108,0.18076843123283387
85,1020,667.6940,-0.0023046831026195883,-0.31099187346177737,-0.20089334544837112,-0.26311001467697731,-0.31496041449113321,0.013409513437787421,-0.29538845581999934,0.25929443906429067,0.085128660717876656,-0.35532880727178484,0.020889820593727442,0.083986335204324816,-0.0607057676973474,-0.27953000471477435,0.074797584598901193,-0.24096987903005271,0.463745882520196,0.17323627139356024
86,1032,667.5260,-0.0049208063103532576,-0.29184544248855648,-0.19154407337463436,-0.27245558166028433,-0.32990597749450357,-5.4277914416533415E-05,-0.305799705380934,0.22960453602829339,0.066875046240447614,-0.33838070498955103,0.001269202257620612,0.085529788394303655,-0.076967772003737778,-0.286789983325626,0.0662855248249311,-0.25807699797833183,0.46570130493055545,0.20003842804163297
87,1044,667.6820,0.013627903565718394,-0.27912335399123878,-0.17308562237528269,-0.23818364173803597,-0.34869535680271407,-0.0098011755010109381,-0.32194884872491908,0.21063643547140293,0.066623562724031471,-0.3370028242298711,-0.019249923638623209,0.0731132962728078,-0.092467571589058814,-0.30691199383885776,0.052381261743607452,-0.26449050152631881,0.46327716055073315,0.2099609560164872
88,1056,667.5680,0.017111976871232181,-0.29313446867509535,-0.17726293097167153,-0.26280540580642942,-0.35017184600841877,0.0010079702844390656,-0.31245160041500342,0.21864426828471048,0.043571543861393433,-0.34125673505748766,-0.02169735240551848,0.08862374462866017,-0.079487402467876944,-0.30569612546546515,0.047772929861918334,-0.2575489746613035,0.44475350393803015,0.20904303715267722
89,1068,667.6540,0.027108333332926577,-0.26837066169145868,-0.1949996165760266,-0.26900989104776324,-0.34869622510483944,0.004115401015613117,-0.32869439551962243,0.22039992010960793,0.034555214368263039,-0.32310205944828119,-0.0080488252193097586,0.099271474825655251,-0.051362647384824045,-0.31005985770694239,0.051766109344565429,-0.23011329816250525,0.44749884185183381,0.24591030367477199
90,1080,667.6160,0.024772644337064793,-0.25082073279325073,-0.18110665515003505,-0.27465503767496668,-0.33074252718773661,0.0065320213367108595,-0.32600051047840173,0.20668413409513972,0.026244772462338847,-0.34371096134154433,0.012748843177529525,0.12263990100197317,-0.06321180378619444,-0.3292106180547712,0.075354036908384672,-0.23769309110033063,0.43825288697838621,0.23940979193791415
91,1092,667.6980,0.020643827236542459,-0.226455982784005,-0.17172257416662212,-0.28287986598222165,-0.35041088921850722,0.011631497960190884,-0.34261383022954106,0.20706036131790229,0.023445913401566685,-0.34752000531073179,-0.0098082283123695265,0.10963683436549368,-0.065851438432711851,-0.30281147597291624,0.090675436656003611,-0.24168986802825249,0.4381540568379057,0.23890107495134955
92,1104,667.5620,0.0176325869546039,-0.24998504768878257,-0.1571762481155293,-0.311008818885474,-0.34774958383354188,0.024745211836327604,-0.34191774287931087,0.23972679191069765,0.021509171701673005,-0.3671467089528177,0.03320585673461756,0.10680639019669311,-0.043293731683772554,-0.26963338536438575,0.098954480466952183,-0.23286113590584429,0.39302564691411929,0.25671899771267492
93,1116,667.3820,0.017231173793529068,-0.25720915621161006,-0.13996959797227837,-0.32572583932608024,-0.34601359168675927,0.014199290580214487,-0.34442320620701944,0.24619448819293824,0.014083060386353877,-0.3600384929551988,0.05328892399292446,0.088997353767220122,-0.017179691859097415,-0.28671418411091237,0.12155704541238645,-0.22914894475171654,0.384995227345705,0.24344481502988258
94,1128,667.3660,0.019120073502000696,-0.25488617645733946,-0.14429385785732166,-0.323370265418304,-0.36054754914047732,0.015749735814020428,-0.36569803627854819,0.23543093928755449,0.030897849918555154,-0.33799933554001443,0.066223415746106434,0.11690053747221187,-0.049902163026216195,-0.27700351954149949,0.13728434857829019,-0.24321084691526243,0.33898992051713045,0.27231428364325105
95,1140,667.6760,0.0047931347760662114,-0.25316460465082785,-0.15061341118177252,-0.33286390832279783,-0.3617261919088165,0.021194491764169741,-0.34330162768260486,0.24605312626495635,0.036120450608032754,-0.32194860496851291,0.071134729353305823,0.11664103929066104,-0.048851469527425737,-0.28072918351341264,0.14584348717943285,-0.254898555645497,0.3611542664693338,0.24307240256142573
96,1152,667.5980,0.018172452467229983,-0.23401043280649755,-0.17075456588831889,-0.32180482938262639,-0.37105948556232726,0.028801786330751349,-0.35736537366207494,0.25095994114749376,0.023397177958165583,-0.32262618323732939,0.083863081377487159,0.12831939286889271,-0.0539828488353368,-0.26798584907388595,0.14645209043518495,-0.24516858564986,0.34411152667454348,0.25699724085325404
97,1164,667.6820,0.010074031580006453,-0.21808597325255166,-0.1676058508551419,-0.30107925502232158,-0.38185353760606289,0.021462550918189,-0.37857813338766494,0.25285215039991066,0.0005825693565662763,-0.31796927965131333,0.074309060686738315,0.12917243353370364,-0.052695893645312353,-0.27039693100449436,0.131744452524903,-0.22519050113415862,0.35254271874557686,0.27630174179999639
98,1176,667.6260,-0.010880652360699157,-0.22636200267020606,-0.15916054269345625,-0.32534294672151054,-0.3979017757283268,0.020364588641720659,-0.38843630855768152,0.244944615188324,-0.01507868440453,-0.31112898720676524,0.06654735732282123,0.12008536071994286,-0.035866719858778838,-0.28467289698491732,0.12125587584390732,-0.18768615955029469,0.35899550367390054,0.24337772181352837
99,1188,667.5140,-0.030771427903372253,-0.23598210772024608,-0.14918551117403556,-0.32605100194679509,-0.39963950737934961,0.00016452057501920188,-0.37406416687925825,0.24160267077635891,-0.013506187269851274,-0.310674607076723,0.071523239944949024,0.13625584367816185,-0.060191101560135137,-0.26593629603518404,0.0893197658672173,-0.20815711686136637,0.37504807106739652,0.24327673310419148
100,1200,667.4880,-0.044590412616069761,-0.23777761808833736,-0.159497204634928,-0.32174930727973761,-0.40419375935420632,0.010039727561812681,-0.37235513506488344,0.23149615472190027,-0.027193705423095918,-0.3019837798337035,0.049643982247344849,0.10896347030384022,-0.073537784152795951,-0.28060485663866358,0.07915872057264,-0.20816022034509302,0.37626889992997242,0.25454465567951939
101,1212,667.4580,-0.037717100695605917,-0.25904128817066552,-0.16661192777727665,-0.33223221344472531,-0.40199353367119256,0.0031545551776795671,-0.39002110713786287,0.21185508486994525,-0.043382819060645644,-0.28346482004520168,0.048772369077776531,0.097000334327717291,-0.055012376873757179,-0.26360304394940265,0.058345799905698249,-0.21413602759644579,0.37079636373519037,0.26554202525005949
102,1224,667.7240,-0.031071086546054592,-0.26181586735519818,-0.17278730032457743,-0.34417189993491459,-0.40087186003921532,0.0033867944617450318,-0.391827657064564,0.21023672964275986,-0.047522359829947014,-0.27361697509746574,0.039743433830632537,0.10127144100265312,-0.048722535530031717,-0.258789067388338,0.041913634201922081,-0.21604040870611052,0.38146004733603511,0.25191941873358259
103,1236,667.2820,-0.0408047428009933,-0.22715004027349309,-0.16936245788296914,-0.3302020282984961,-0.40591363802258018,-0.0051574863420335224,-0.40232143509029822,0.21095255644470903,-0.045311723814484367,-0.26777642184609085,0.043663973303246388,0.11267871907198238,-0.01568733638551538,-0.26696031134945081,0.046426776045465343,-0.23424145698901186,0.39243755628513477,0.24179843402042467
104,1248,667.2700,-0.045290839718960745,-0.23458779835986227,-0.16800625155274074,-0.32040602006448254,-0.41861330594957119,0.0029268978116025312,-0.39082182377732161,0.21234011775077455,-0.038038101177298757,-0.2842416172482542,0.053184809418435071,0.10958632875655254,-0.01439565416948986,-0.25253484921082742,0.04651176599021551,-0.22144953921532134,0.39217609656210373,0.2546642268669283
105,1260,667.4160,-0.05736349724831348,-0.20234145317706254,-0.16195215077504091,-0.31426468313921474,-0.42807377256414986,0.010499625739756376,-0.3985496240870301,0.2198041849686215,-0.07223928494421035,-0.29288993914585754,0.051575885048601375,0.11561420760933776,-0.030262097337276528,-0.23938353368705126,0.058782349731539507,-0.21268727819382668,0.39183237781376368,0.25627381365635543
106,1272,667.4540,-0.069649325218647029,-0.1832166266599472,-0.1508998073172545,-0.29180032619121776,-0.4217863384497566,-0.00017383666799623924,-0.39957161109046846,0.20554422969743613,-0.0671272333998933,-0.30903743484036639,0.045711716855338647,0.12566866230583598,-0.037367105302211344,-0.25052359195133123,0.055559059013907494,-0.21130692964083278,0.41677203835617921,0.24980847003287826
107,1284,667.6960,-0.072459298624198476,-0.18984603562581179,-0.13683464144785057,-0.31757211508668193,-0.41712614261639519,0.00848638959744051,-0.3975949642816245,0.18871228237770035,-0.072749730741083679,-0.31967824175962795,0.039174864756053855,0.092374959762060879,-0.032827577144357592,-0.24660358817511741,0.068564551249249817,-0.21991822647415132,0.428528714546027,0.2194097969511182
108,1296,667.6200,-0.060281246464779559,-0.18450849535078839,-0.14398631396721279,-0.30706577119593559,-0.41374451372024396,0.0081797708564661127,-0.40390250600943783,0.17111705072277769,-0.088390130234100028,-0.3291158163480925,0.038453459236837614,0.095727529316525936,-0.041803289477506944,-0.22926062541380959,0.06329974983285569,-0.22589840197754552,0.44176666409546361,0.21246934378826118
109,1308,667.6080,-0.063478213047714352,-0.17320395375144937,-0.1451224779182807,-0.30725679329075961,-0.40265733641206897,0.011928741060087077,-0.39592126838394032,0.14715901064282882,-0.1063954127346764,-0.35246907949058665,0.064229781260449356,0.080277052046374642,-0.04407493090678611,-0.21649009462086244,0.080090174437593531,-0.24202780188291478,0.45143910549470417,0.19813873859010986
110,1320,667.7560,-0.073194683260664722,-0.16155326556088437,-0.13033068595134284,-0.29661676854534674,-0.40728173194486228,0.028463950002379321,-0.39784140856340361,0.14656967655233361,-0.12299037994750568,-0.36743200267276638,0.042560486225541663,0.0759060280891453,-0.038980200178087385,-0.20624817662645142,0.082915048784142756,-0.2215998005448514,0.45850038976713825,0.20388535137490502
111,1332,667.6460,-0.074792790811196525,-0.18123898069527314,-0.13654676588919745,-0.32880011433679818,-0.3942337660227655,0.018866725368566182,-0.384891487591843,0.12569229425431674,-0.10713748494429545,-0.36625234470681994,0.053263350508641914,0.065181569507852408,-0.026100809340181805,-0.1870476641770574,0.056318187570975467,-0.24279098313468406,0.46849659888045253,0.18157241855185785
112,1344,667.7160,-0.084643963549092247,-0.17638115714131625,-0.13408613255293089,-0.348592331331259,-0.39807821071641813,0.035341044106068434,-0.38413574322615951,0.12810650723295225,-0.11345346903417788,-0.36198990732076758,0.057781002816951962,0.077477900405025571,-0.033377990990292677,-0.17611023511503546,0.063035889932927927,-0.2402980819169005,0.45756652142935866,0.17819880494680204
113,1356,667.6380,-0.091318496791095077,-0.18440756956873355,-0.14575682656635658,-0.35997585521277348,-0.39337673735283374,0.033034107972824682,-0.37388956749041757,0.10807342466047319,-0.081304468022390608,-0.35402495806060141,0.031580619818859186,0.07377310678939572,-0.032983359993035505,-0.16546806125107191,0.020567528880504438,-0.249125481707359,0.48050963222102844,0.17532934449800194
114,1368,667.5700,-0.0809696041873654,-0.16309464916061925,-0.13632609164398893,-0.36536268801589022,-0.38037917723485148,0.01226861387034801,-0.37069253619640236,0.062149663279742411,-0.10685779194263602,-0.38376383841944889,0.065334490746629476,0.066607019141001686,-0.044257387528440023,-0.17718636248167041,0.03463433734155677,-0.23664796814202846,0.47407819327306477,0.18254781541980775
115,1380,667.7280,-0.092721207525529634,-0.17930510567862942,-0.15265473831122975,-0.35195086616372739,-0.37624309550686347,0.025780902601192708,-0.34611675433930061,0.055264232917775144,-0.10867510454206204,-0.38068296983161709,0.071208390445478817,0.068406230372467056,-0.019006403670096195,-0.1621828858076533,0.036199937777397814,-0.25856362997086274,0.48503455004720031,0.19934065547204291
116,1392,667.6840,-0.098000037327139009,-0.1728536123827758,-0.13591367778360927,-0.32860108790272685,-0.39367052541869529,0.018255220651486728,-0.36431896554511589,0.064839571295422546,-0.11193157091035777,-0.3709910062992452,0.038302648665512168,0.067361179284572317,-0.0051283246691120081,-0.1626586391033564,0.036871636378047107,-0.25438111682492948,0.49246794107706238,0.2015259450623732
117,1404,667.6040,-0.096752771357942927,-0.19939691922622726,-0.14332835142345082,-0.33185101472461104,-0.39280892836968551,0.027118220389035077,-0.35497050031604294,0.062208414649547836,-0.10430722778197067,-0.37524081008360211,0.051526973902045296,0.056799540432672609,-0.023769771039727598,-0.15328356157787817,0.026478057647521279,-0.25421833311228909,0.47625068099874857,0.22600746191731996
118,1416,667.5860,-0.11113535890032838,-0.18455980067537206,-0.13801895940961872,-0.32626733845008105,-0.39578405455053911,0.019322288344150403,-0.36971364190352024,0.052854704800910188,-0.12689986344071386,-0.35526844671423657,0.040424753473468245,0.049515680754018708,-0.0080008453602081649,-0.17098718388378198,0.03529757360099825,-0.22868950043105796,0.47941492404051511,0.24497211393472454
119,1428,667.6240,-0.10557445189290096,-0.18626793697071567,-0.12662054956841812,-0.34152152865754409,-0.39363859371271237,0.019751918213498407,-0.37436156976527585,0.037038465874005791,-0.12784126468811641,-0.34939444582601442,0.0263770252889465,0.054015772033724159,-0.0066668749571110577,-0.16420922083907827,0.046360816506073634,-0.23441669078086649,0.48207475531135963,0.24068112268840278
120,1440,667.6180,-0.11683372645925552,-0.21716101766330356,-0.12534349197492695,-0.36038165656528515,-0.40156152316505217,0.017599345760854295,-0.38743213850046765,0.023966017575725841,-0.12936655452550197,-0.32518873967440309,0.031225953861192882,0.052158083141633463,0.0015822242717908987,-0.16490584848089881,0.053013302151962489,-0.21934542958874464,0.45915423441747971,0.2380984559998616
121,1452,667.6800,-0.12006620930940252,-0.19153881519898891,-0.1150729862440342,-0.35110629149671152,-0.40727166437402806,0.0050626479530131241,-0.38827933074027926,-0.018328017171277144,-0.13327099034654147,-0.32525340451598123,0.034566759935063127,0.048194191170729692,-0.029387332124566717,-0.15507882806282738,0.069096671891489048,-0.24434644549463919,0.46076478487458483,0.23694923185322975
122,1464,667.3320,-0.11308193887975519,-0.22613291792945239,-0.11960341964332832,-0.36019736157661514,-0.37882537060978894,-0.0023741742282392337,-0.36994763648111023,-0.0012467290435795447,-0.13293178568816022,-0.32956710332995326,0.04434633905570437,0.06842259121878326,-0.011383423500839053,-0.14664981411154182,0.050942029305285248,-0.250594920359234,0.47584256856677948,0.24136345226825404
123,1476,667.5900,-0.11576755829734059,-0.22480562769234838,-0.10368546967850238,-0.35636709876849593,-0.37956319934893346,-0.00516934276543787,-0.35475172130871319,-0.034088047274037137,-0.14377006185209634,-0.34910944171154035,0.068383219176224044,0.056566360902598638,-0.019548012787923629,-0.13636688950537865,0.044117668646920828,-0.260726621572143,0.472946727766514,0.23608642973619079
124,1488,667.6680,-0.11817277511159581,-0.2396258334203959,-0.11521230671247659,-0.36410628813473811,-0.35662013311798729,0.0026378043401934742,-0.333442227031815,-0.031278355144477847,-0.13620264190567771,-0.35705190268225784,0.096783248557852863,0.076286861047275209,-0.029710057724633643,-0.13380588639551133,0.046512204043150325,-0.28053904990754536,0.46301896075312504,0.24641722903756128
125,1500,667.5360,-0.11883886720312944,-0.2494659989711811,-0.11106334395496432,-0.3668813447725206,-0.333186378620195,-0.011784063053233337,-0.32872152407848021,-0.023019276026618116,-0.13316858580832833,-0.36219779852991113,0.09173380795593665,0.074068463632692469,-0.022982758011897829,-0.15846258811908343,0.023666927125183385,-0.29051747907240905,0.46516943351331935,0.23606708625002851
126,1512,667.7900,-0.11294725420939138,-0.24215374067649775,-0.11174485258128809,-0.38267388533427887,-0.33395761960553322,-0.01204960294776394,-0.33354842362558773,0.0053521092557410827,-0.13438618212959022,-0.36593725881061628,0.10659138748433271,0.078789087405253644,-0.0083954569989754171,-0.15413577081052737,0.026069703643411012,-0.27718600259144133,0.45923011862708607,0.23240355306219787
127,1524,667.4640,-0.10475109518917108,-0.23943151420156036,-0.11255813565226386,-0.39394197559999433,-0.33234979795214925,-0.019567801941873676,-0.33658117902716739,0.0019277749720704098,-0.14765236425039283,-0.36054374290131552,0.11581842096523259,0.082492689087553889,-0.019474986234172278,-0.1679706916268732,0.034058303971676737,-0.27386606489138871,0.44856539873047641,0.22416879477798118
128,1536,667.4380,-0.097081358030180434,-0.2519021044619934,-0.11292852173013375,-0.39185845450304324,-0.33021982315897025,-0.028567858709602198,-0.34799413027106268,0.004263747948823852,-0.14001426855160934,-0.35749915532847149,0.13428618788415764,0.0976284367944096,-0.028498357232565913,-0.17587545033903393,0.04789772563123481,-0.26580447608843111,0.42750460249776584,0.24609641112420205
129,1548,667.6360,-0.098328306958636646,-0.26461058132137133,-0.11521426718418282,-0.39821541289099366,-0.32769621716585978,-0.016302605764054096,-0.3372871110589305,0.015759174972707086,-0.15604042822696171,-0.36571167427621715,0.14986748253675861,0.091556327406741148,-0.041183641566241935,-0.16658040095563573,0.054396053976593771,-0.25667111666458092,0.4161805482837469,0.24509618457411012
130,1560,667.5180,-0.073343035122636846,-0.28077067813092982,-0.11864180743789587,-0.39894220241223183,-0.35110172597734268,-0.013315752962864868,-0.36800292741351087,0.019199777137236276,-0.15515627466295034,-0.35156473106665526,0.15368920217110021,0.10876475790956175,-0.047255135209867134,-0.17665405457195693,0.056804810717534383,-0.242675295087526,0.36816015525195989,0.24903896190932295
131,1572,667.3540,-0.074485499752285439,-0.26556499814767126,-0.11821388103283965,-0.38568721687367657,-0.36163312268921505,-0.0030473464870628378,-0.36826831174236141,0.009207161456614146,-0.17045100240708932,-0.33781006482393433,0.13836117682006904,0.11185857973656665,-0.045332015940849513,-0.1635998470184272,0.041386938247762919,-0.24978002419982043,0.38725512099078352,0.26221460170352834
132,1584,667.6340,-0.091065303490018817,-0.27120938338622541,-0.11160586561759446,-0.36364749996670609,-0.38634471378723462,0.0017264061420472472,-0.376749430746681,0.0034715341488309242,-0.16692002765818978,-0.32116245450557362,0.11157009957173308,0.10621335780313858,-0.0428896460969832,-0.16100265871300223,0.043703205800156582,-0.2558727397666738,0.37891599070168985,0.28238881446595554
133,1596,667.4520,-0.096458311910125952,-0.25452332029878505,-0.10978242774399795,-0.36382713869256783,-0.4000336579945874,0.0011092135698155573,-0.37743955303152138,-0.0039500381399426871,-0.17409222943394126,-0.32988976993504426,0.1272560111921375,0.098541455994058752,-0.032709705743477736,-0.14055848861750805,0.04407617365983648,-0.25552491300988855,0.3842505446788661,0.26789781476313107
134,1608,667.3140,-0.079677437253590125,-0.25449504862017769,-0.092438056239307578,-0.36499917983272173,-0.40899462022347072,-0.0085584238860875444,-0.39097777373290549,-0.0056844693103985646,-0.1686709637603809,-0.3202272473697288,0.11131622178221322,0.098499468826257708,-0.042055572241850768,-0.17046153725330127,0.054009729931593684,-0.27870191245190157,0.35551917570069685,0.26395341555748314
135,1620,667.5000,-0.068385876169298226,-0.277917628960963,-0.0873237645398999,-0.36543781901934047,-0.40265402875697182,-0.0047782107548526714,-0.39241687145690168,-0.0073534219459356212,-0.16345490121065218,-0.32917997077581135,0.11799750841875897,0.091426119697002539,-0.041089000805529727,-0.18278071753513775,0.046907349397799745,-0.28822372206735131,0.34134176232815916,0.24023819924995635
136,1632,667.2780,-0.064316521271147245,-0.29789371600757109,-0.089756913110476011,-0.38377867653332537,-0.39517976144467681,0.0017755306745229574,-0.38244545028887361,-0.016732875638020783,-0.15872499680636853,-0.33209492018094272,0.12619852054407049,0.0936920450835818,-0.038444635768793957,-0.152516398617195,0.049198319838654525,-0.29247638266171322,0.33292695757551671,0.2399016659463645
137,1644,667.1300,-0.067164397005818055,-0.32935220017894123,-0.087918560530036216,-0.3866593338608933,-0.38812285699389626,0.0020214154669261479,-0.38097489898525205,-0.0067234208249903971,-0.14042255105746165,-0.33151646007726038,0.1171163759189511,0.074252298249913529,-0.040652990862959378,-0.14992827630444786,0.033632632894576388,-0.28684605128663482,0.33956665870296532,0.2359656433593694
138,1656,667.1680,-0.069864916979408748,-0.3272135482189184,-0.083061545583515931,-0.38219702374470771,-0.386242908110878,0.0084206357031113288,-0.3873358397762901,-0.010761399142286224,-0.16004765866234591,-0.31690628266179927,0.10691333090168163,0.095268719242962444,-0.048843068949417243,-0.14264555181055596,0.046436780889137969,-0.28088746086025346,0.33111942425558782,0.26435125390146197
139,1668,667.4320,-0.089887489879862864,-0.34148828837173045,-0.070566540930101743,-0.4043875717443815,-0.38739347011458558,1.8833284344880324E-05,-0.38133867859222,-0.0083168533515355757,-0.15378561870202329,-0.29375406386642966,0.11989501386122475,0.096581396212364265,-0.048579024590821841,-0.13766871167602429,0.053574135208143518,-0.28261889758468134,0.31850899744232181,0.25589146983712896
140,1680,667.1480,-0.06942992267466265,-0.35059862640372136,-0.072563959816642917,-0.39360075907507552,-0.387211031920905,0.018180370618373229,-0.37680287358521858,0.018161195586644668,-0.15017506640057668,-0.30626733204574025,0.11885181400733102,0.10525393078996027,-0.057292945023265408,-0.15166689203864858,0.054674254570085415,-0.29464470343646554,0.300886429643428,0.25856541652543319
141,1692,667.1920,-0.086081640134576282,-0.33946076661470359,-0.050801611212733459,-0.40872188377791197,-0.40124932950060316,0.018765811125255452,-0.37660178008674861,0.024610524260898662,-0.16822338462784459,-0.30582239118647342,0.10138949648557312,0.0864802681285282,-0.04715434880840947,-0.13589843596156009,0.062736906005539564,-0.29961805164590916,0.29593367287776334,0.23096609665240625
142,1704,666.9320,-0.072908437630737913,-0.38023399563914495,-0.0459192645356884,-0.41757169985213238,-0.39839554034262692,0.019511369503644758,-0.37425393270677987,0.036666692605965306,-0.17651130089424649,-0.285277989018234,0.099275069271182376,0.092478086063530363,-0.0619377953497364,-0.14296244862016572,0.048965954346132511,-0.30628677144471073,0.26302805806032337,0.21762195703391657
143,1716,667.1600,-0.058863323446632157,-0.36815327063661496,-0.056949562980662644,-0.43700703468730917,-0.3961438705567456,0.024768609792735975,-0.37208370208579389,0.029703693544387361,-0.17273479221812441,-0.28793547840044492,0.077350261388772615,0.093234570195827343,-0.059823038713279014,-0.14422879467310376,0.043185354159279189,-0.30178412375820346,0.26977340977389097,0.20390371060045834
144,1728,667.1060,-0.047467895811070623,-0.37278164139602255,-0.055234899275684569,-0.42849205034894128,-0.39817116714765943,0.019624427511452786,-0.38715120024349897,0.052184155919226413,-0.176092822777228,-0.2894895437559255,0.070760908119761559,0.098824004459167017,-0.054148981457892549,-0.16564169864647008,0.049763705693561526,-0.27611882358251016,0.26564784549422071,0.20979686536190656
145,1740,667.1540,-0.060116041776303461,-0.37625553609223916,-0.025601519986957741,-0.42979582938306882,-0.4086985301740671,0.018592874694561907,-0.38939598631794536,0.062007282239209038,-0.19142317352610558,-0.29134111136554752,0.066873979676814924,0.11827260521550725,-0.036973528944172857,-0.15286781902881083,0.056566392267712269,-0.26922321605703708,0.24177422098875651,0.20352804778977751
146,1752,667.1120,-0.066826729354828973,-0.40659374154110012,-0.025495785895935826,-0.42660378263803389,-0.39239493838959094,0.027881222477797913,-0.36162345579824923,0.0607730076453067,-0.19302894368097656,-0.30362134712422389,0.081895791789412642,0.12307147120736284,-0.024845484612149114,-0.13086827147210042,0.052698241862502646,-0.26104172401703468,0.25491542633335434,0.21403835768196461
147,1764,667.3120,-0.085854397629041887,-0.38614147336021315,-0.026278203647904157,-0.4537956357676336,-0.38388103927792566,0.028662403052586754,-0.36064134983388574,0.042359509672384034,-0.19067835787204054,-0.30210075891034049,0.088730194178223337,0.11474368492422872,0.0040937015868822554,-0.11656186424862088,0.048214400278057942,-0.26425339287913824,0.26008973148562237,0.21088063373572374
148,1776,667.2100,-0.08538373298039649,-0.36172965446719868,-0.023795374726568067,-0.45592568075948936,-0.38829779617140703,0.020783769244217168,-0.35885926958522163,0.038895670006162786,-0.17924988289050389,-0.31774136572109463,0.10078930052756171,0.092749693710427919,0.0026859642871301524,-0.10334929473767643,0.0601051143396633,-0.26390888641935467,0.28383810803470516,0.22220169820266703
149,1788,667.2980,-0.08517103106110735,-0.35758352670285404,-0.057080701811977969,-0.44890883827600747,-0.40001304877270027,0.032699185877680816,-0.36941177880142156,0.01052964315097013,-0.19016485973091521,-0.30612480844533541,0.11237362127995655,0.07311550116370677,-0.0051961486318202075,-0.078915253533547086,0.0614026503783897,-0.2577855093638789,0.28452060969162463,0.22082065374456988
150,1800,667.4820,-0.0844564898841267,-0.37308256364010672,-0.069733867312458481,-0.44399298523548442,-0.3939529128743432,0.031153053929537992,-0.35423877220470745,0.0038809101229767434,-0.1857148799211451,-0.31597888452073281,0.11052077526419918,0.074609088801594517,0.004652599202905232,-0.0895999800243072,0.046638138452038375,-0.23916357158913565,0.293002156614571,0.23340023351815622
151,1812,666.9460,-0.081145976965594654,-0.36849741915967493,-0.055412821248220744,-0.42599628165525466,-0.38840023917312411,0.015462163298080749,-0.36570863007831744,-0.012920214699687049,-0.19968917209595563,-0.31333107979977987,0.084597517379312176,0.091196603617854713,0.0040705991657404754,-0.093827456455330388,0.040395827959721617,-0.23645904110683244,0.30704566636907665,0.25622516340657181
152,1824,667.0640,-0.0664807659898335,-0.37101524988439605,-0.052052242260506178,-0.41952597351768078,-0.38693232474702893,0.0058217428238818859,-0.37620214020420395,0.0051355393521556863,-0.21114530315140095,-0.31337102552579738,0.088531186165466333,0.0926611629368155,0.00057114093153719985,-0.0937333511011595,0.031072660312958841,-0.24037946608639332,0.30400267536796682,0.2492457366509139
153,1836,667.1300,-0.07467629674124901,-0.37091476091923903,-0.04339832678439845,-0.41536322373270385,-0.38468840930619586,0.0054306850119014635,-0.37564699853581562,-0.0045655971080911647,-0.21949091511319374,-0.31811664702857423,0.091787523720314568,0.08533863049462434,-0.0029708946295778473,-0.097342712220990515,0.012778968191699387,-0.24768935397457509,0.30484357665912837,0.24086745963025283
154,1848,666.9860,-0.073481925221734759,-0.37667206338600495,-0.043255760646839378,-0.41111973172452071,-0.37495253622785524,0.0024698954288865657,-0.36438260481005486,-0.027892439240291018,-0.22430101256227375,-0.33082023752293283,0.091470109241613848,0.088361562032234275,0.008915632065209898,-0.091266360105612135,0.011985102406222027,-0.24006919853820793,0.32237051551857149,0.23841539921387517
155,1860,667.0980,-0.052440892784767761,-0.37929866446434718,-0.029583252380867866,-0.40130286598818682,-0.37606292187365425,-0.0024870578243421505,-0.3671490999776737,-0.043328225251869294,-0.22290738047422928,-0.34152987476024937,0.078211111157032831,0.0814175054039333,-0.0013804460114697006,-0.099662909281696355,0.0076163392869233893,-0.24112631457073003,0.31149564500748123,0.25018372261662353
156,1872,667.2940,-0.052395799025153018,-0.38461470509335016,-0.049612611454760112,-0.41171126709286837,-0.37747501364089314,0.0045108693587202764,-0.3695558513206666,-0.038498941912266042,-0.21858137487326559,-0.3168799460798668,0.07870642451858946,0.092543154750865067,-0.001245386257446246,-0.099447427573317787,0.013266598024056209,-0.24350487258760506,0.29744485791044145,0.25905046919609687
157,1884,667.1740,-0.04728509472826959,-0.364957404981,-0.06206774182793149,-0.39877813834874382,-0.37802367856804447,0.00081200066400797209,-0.35631004414810646,-0.05722538330085529,-0.22131525132327981,-0.33414291259888779,0.077754461026701471,0.097828233071891382,-0.0010731878502770497,-0.11087152604820777,0.019709569478343129,-0.2515903550199437,0.31784075086111474,0.25776874925739618
158,1896,666.7960,-0.049271370185642586,-0.37478452598506784,-0.061900063792498752,-0.39716356133609859,-0.37678102319401646,0.0031740225415637356,-0.3487790404175023,-0.044320471478481595,-0.22334325062175231,-0.33690677508528805,0.08716108007127403,0.0980723874388666,0.000954732787416458,-0.095884816109662985,0.007073928949722902,-0.26471099662721043,0.31669580888769849,0.2577849223389555
159,1908,666.9880,-0.039755389953148028,-0.37559019953343414,-0.04913047746328341,-0.40607469819806286,-0.37152238996577397,-0.001037643408275578,-0.34864838273339749,-0.042602606539731351,-0.21781847561202908,-0.34187380229472913,0.082966048235051909,0.099334308924187667,-0.0065293457039593559,-0.095734132805146949,0.0049413440473775752,-0.26779308023765513,0.30752083792776436,0.26000351040563058
160,1920,667.0520,-0.05005383808503705,-0.37139996703055911,-0.042028087886462721,-0.41044912595772459,-0.35778399519657422,0.0047894772167827865,-0.33534987503675795,-0.056732670323760247,-0.23158201954413546,-0.35345484780460285,0.10038665935833596,0.0947368604117678,-0.021455481174308247,-0.0871927837080108,0.0043093195781694028,-0.26951055045235067,0.313821375672636,0.25462916684010328
161,1932,666.7660,-0.043699089530068277,-0.38503071042644771,-0.041749287901663504,-0.41753922794179377,-0.34926714332951453,0.008593950568927344,-0.32473406611514327,-0.050660934064713781,-0.22709292310055659,-0.35826669484014334,0.10771838026551289,0.094669754928500924,-0.0259388523742128,-0.090416371566004891,-0.00063470613380812307,-0.27463149978625245,0.30034845570762619,0.25756302957634586
162,1944,666.8160,-0.036123679572422289,-0.39472885043126466,-0.04111768967626607,-0.41745926598558686,-0.34376269465311693,0.00079408634108445208,-0.32356248850528224,-0.049397832516344754,-0.22886287516722975,-0.35031780791185385,0.094706981011059413,0.090813782771551874,-0.03233015186420788,-0.099503659288461846,-0.0085698685283473776,-0.26928569127805885,0.30448933075695228,0.2631501926656078
163,1956,666.7860,-0.038633966293953916,-0.39141613410260617,-0.03859390729767008,-0.42502039120822432,-0.34341970250114495,0.0041758973210891661,-0.32237090409697711,-0.064503254625864662,-0.22700407876185041,-0.3455894471516151,0.097462250617724122,0.097651644045012337,-0.048312145182756429,-0.08950365716172759,-0.0024985977840255341,-0.27478154352466577,0.29865383216738162,0.26355630787909856
164,1968,666.8340,-0.046151025488681843,-0.40792373087710693,-0.047033905367415876,-0.42782443596581915,-0.33055752762919133,0.0062018261325294342,-0.30601574401998516,-0.0578782333584005,-0.22096969883357795,-0.34171146766957328,0.10917510008862435,0.10227525892717229,-0.042205355470555449,-0.087493380196479217,-0.0020259620760616284,-0.27728062067434139,0.29846267591411052,0.27095305441930762
165,1980,666.9360,-0.048981971265955576,-0.40110394648840764,-0.045647732098557971,-0.428211567082118,-0.34249831819753207,0.0088646618123005422,-0.31892707055637937,-0.062463380337979747,-0.23001307726579906,-0.33162447893596636,0.10122695179742867,0.10086463184786833,-0.043826668377111626,-0.084448214909286182,0.0092612084780688015,-0.27329073874305154,0.29475542678197625,0.26755125693936227
166,1992,666.9240,-0.044147322639112294,-0.41292015501543383,-0.064791011668269435,-0.41313018692348441,-0.34894658601968487,0.00810702861930438,-0.31623540880944717,-0.050071299912070447,-0.23000814707533979,-0.32137717221224238,0.10122539808551971,0.10775956106276553,-0.035340247535643972,-0.091914064585316091,-0.0020078486088991481,-0.273939794293999,0.29513791963006314,0.27577478638674263
167,2004,666.9120,-0.052208934870409986,-0.42504475827179239,-0.052318089860211893,-0.4222087687515329,-0.33921861000835857,0.00900144840974687,-0.30839565153533549,-0.055190225802013257,-0.22808659746151011,-0.31609543079622182,0.10749898942276091,0.10091969798266288,-0.030541715346408989,-0.07527545064364248,0.011438121191207632,-0.27829052723768083,0.28877373061481487,0.28057901373220634
168,2016,666.8500,-0.057505933430501761,-0.41443756197046622,-0.044932418503196021,-0.42397026068708843,-0.34074561287467908,0.0065112337403320213,-0.31609387998136612,-0.070090751591428968,-0.23535321444088314,-0.31940329199618145,0.11090267822433404,0.09346188912867795,-0.037246482849409707,-0.069227567014396058,0.021132096759981112,-0.26929719735677132,0.28529559074720573,0.28490054967245171
169,2028,666.8280,-0.059061170195443539,-0.41809189049898343,-0.044584705687074608,-0.42638101296040565,-0.33811126317358231,0.000450572008250564,-0.318144366788996,-0.087866728447544021,-0.22959500089532053,-0.31276724956780755,0.1029649021846106,0.10108904116112744,-0.037093358619046043,-0.076504288569006262,0.015638938204625735,-0.27121482038510436,0.29159428254510034,0.27422024172629739
170,2040,666.8740,-0.064019362460337279,-0.41626238335997673,-0.03292738147673048,-0.43616199390421906,-0.3419250263216328,0.00061020807264878943,-0.31702711821945334,-0.083006812457854143,-0.21791992723414008,-0.31516499823554639,0.10012999586692323,0.094449274687308529,-0.0359657371772436,-0.073729484372218851,0.0201978685341409,-0.276583185635918,0.29100356850932613,0.26656701035535307
171,2052,666.9080,-0.0573963220325557,-0.41531860290233907,-0.040167885720412834,-0.43177395035647786,-0.34117169697817867,0.0070364934967948505,-0.30774229699722572,-0.0776575691717594,-0.22047061526680761,-0.32730125152198586,0.10390504741611847,0.0991007686224416,-0.04127037370678821,-0.07908496836350247,0.015880466893074825,-0.27795320769527621,0.29038935463461663,0.26556736313065449
172,2064,667.0540,-0.051784365012020168,-0.41632858296075975,-0.051269392289086425,-0.43302778707036232,-0.34357517725789677,0.008333826508007583,-0.31582876228808854,-0.078186359861316557,-0.233098740840344,-0.31615303271138467,0.10265474291603292,0.11419689531321879,-0.0515307303622565,-0.073380451258520288,0.0066338685958671571,-0.27739775310067449,0.27836793302166063,0.26063279368591763
173,2076,666.7040,-0.049837438121729652,-0.41359601158287251,-0.061210940614984534,-0.43318670840228257,-0.33853227441225625,0.010397844866906527,-0.31121435955656485,-0.077181461957613218,-0.23560681687974888,-0.31034192155491847,0.10840400400419262,0.1224625484598255,-0.053372955199729795,-0.079457938345784421,0.0078723174220397679,-0.27776011665256012,0.27772017605378291,0.27172001212427788
174,2088,666.7280,-0.049758072797713021,-0.41397999207516767,-0.067067039325529973,-0.42686723637160529,-0.3447143089589817,0.012133616119927788,-0.31857374655371418,-0.081767864664910192,-0.22636649995577096,-0.30652076618829716,0.11058714777434969,0.12203095248262734,-0.045384933350211897,-0.083145286258286683,-0.00091921863575120664,-0.27325110433770916,0.27867204611583396,0.278037976944875
175,2100,666.7900,-0.05988967309067704,-0.415076180729966,-0.069239984634996379,-0.42350368659392457,-0.33696221273443255,0.0086547877692396951,-0.31668958829077043,-0.0871890303283174,-0.23110141399735468,-0.30687675629161404,0.12048863696178971,0.1175663927797182,-0.047017068431715749,-0.082831002519527019,-0.01091188365119731,-0.27300011792201773,0.28520671788513319,0.27561737468321085
176,2112,666.8320,-0.06145780365816389,-0.41476064506021942,-0.068381555474300956,-0.42397606159699852,-0.32257278935072825,0.00580706645408891,-0.31295053777787835,-0.094322376019542034,-0.23210911874008966,-0.30856180417684126,0.12182109579877369,0.11346420207608887,-0.042468952856890875,-0.083158049178045146,-0.017502935925395004,-0.27516373822315404,0.29983577158100755,0.27506308161548926
