Problem,NrFeat,Model,Prob,TimeIndependent,Training.Rho,NTrain,Validation.Rho,NValidation,Test.Rho,NTest
j.rnd,1,1,dbl1st,TRUE,50.61861,240,51.02285,60,52.00452,200
j.rnd,1,10,dbl1st,TRUE,34.34713,240,32.99411,60,32.9227,200
j.rnd,1,11,dbl1st,TRUE,34.34713,240,32.99411,60,32.9227,200
j.rnd,1,12,dbl1st,TRUE,51.39279,240,51.24584,60,52.32547,200
j.rnd,1,13,dbl1st,TRUE,49.90729,240,53.66235,60,50.70673,200
j.rnd,1,14,dbl1st,TRUE,51.39279,240,51.24584,60,52.32547,200
j.rnd,1,15,dbl1st,TRUE,45.35285,240,45.05016,60,47.75441,200
j.rnd,1,16,dbl1st,TRUE,21.85383,240,22.89454,60,21.98758,200
j.rnd,1,2,dbl1st,TRUE,30.33286,240,30.34654,60,30.36452,200
j.rnd,1,3,dbl1st,TRUE,34.34713,240,32.99411,60,32.9227,200
j.rnd,1,4,dbl1st,TRUE,21.48496,240,21.08996,60,22.1712,200
j.rnd,1,5,dbl1st,TRUE,53.59787,240,55.27942,60,55.10891,200
j.rnd,1,6,dbl1st,TRUE,43.02205,240,43.69357,60,42.21849,200
j.rnd,1,7,dbl1st,TRUE,59.20477,240,58.93109,60,58.26187,200
j.rnd,1,8,dbl1st,TRUE,45.6085,240,45.5111,60,45.03943,200
j.rnd,1,9,dbl1st,TRUE,44.67777,240,44.01535,60,43.94366,200
j.rnd,16,1,dbl1st,TRUE,33.30011,240,31.5773,60,34.02513,200
j.rnd,2,1,dbl1st,TRUE,44.76,240,42.10157,60,44.4031,200
j.rnd,2,10,dbl1st,TRUE,44.21798,240,44.5904,60,45.37824,200
j.rnd,2,11,dbl1st,TRUE,40.80147,240,38.41481,60,41.35395,200
j.rnd,2,12,dbl1st,TRUE,31.47696,240,29.38361,60,31.37144,200
j.rnd,2,13,dbl1st,TRUE,25.14375,240,25.08993,60,27.38663,200
j.rnd,2,14,dbl1st,TRUE,25.29721,240,24.87254,60,25.23698,200
j.rnd,2,15,dbl1st,TRUE,43.02205,240,43.69357,60,42.21849,200
j.rnd,2,16,dbl1st,TRUE,60.53834,240,60.94275,60,59.28465,200
j.rnd,2,2,dbl1st,TRUE,45.30846,240,42.0256,60,44.61897,200
j.rnd,2,3,dbl1st,TRUE,44.61481,240,42.23225,60,44.39545,200
j.rnd,2,4,dbl1st,TRUE,35.20384,240,35.06765,60,35.31093,200
j.rnd,2,5,dbl1st,TRUE,15.94504,240,16.68918,60,16.15048,200
j.rnd,2,6,dbl1st,TRUE,23.7782,240,23.37318,60,22.44868,200
j.rnd,2,7,dbl1st,TRUE,56.75229,240,55.39927,60,56.21743,200
j.rnd,2,8,dbl1st,TRUE,44.4775,240,45.68775,60,46.58159,200
j.rnd,2,9,dbl1st,TRUE,50.53755,240,49.56367,60,51.85007,200
j.rnd,2,100,dbl1st,TRUE,45.23893,240,45.33879,60,47.71861,200
j.rnd,2,101,dbl1st,TRUE,33.8797,240,32.88931,60,32.19885,200
j.rnd,2,102,dbl1st,TRUE,37.23222,240,34.70213,60,36.79089,200
j.rnd,2,103,dbl1st,TRUE,50.11476,240,51.79446,60,53.42498,200
j.rnd,2,104,dbl1st,TRUE,47.91244,240,52.66643,60,49.66839,200
j.rnd,2,105,dbl1st,TRUE,50.15485,240,51.97739,60,53.31595,200
j.rnd,2,106,dbl1st,TRUE,28.71981,240,26.85111,60,28.27563,200
j.rnd,2,107,dbl1st,TRUE,16.96899,240,16.99398,60,16.60715,200
j.rnd,2,108,dbl1st,TRUE,14.51039,240,14.16842,60,15.13561,200
j.rnd,2,109,dbl1st,TRUE,20.89659,240,20.36946,60,20.71871,200
j.rnd,2,110,dbl1st,TRUE,41.84338,240,40.93234,60,42.78322,200
j.rnd,2,111,dbl1st,TRUE,43.15832,240,43.6379,60,42.30057,200
j.rnd,2,112,dbl1st,TRUE,42.30915,240,43.81663,60,43.86546,200
j.rnd,2,113,dbl1st,TRUE,21.86358,240,22.72468,60,22.07821,200
j.rnd,2,114,dbl1st,TRUE,29.95754,240,29.57003,60,30.11238,200
j.rnd,2,115,dbl1st,TRUE,14.42006,240,14.4057,60,15.19632,200
j.rnd,2,116,dbl1st,TRUE,14.92343,240,15.06251,60,15.42652,200
j.rnd,2,117,dbl1st,TRUE,26.17134,240,25.89712,60,26.24732,200
j.rnd,2,118,dbl1st,TRUE,24.52042,240,24.14037,60,24.50173,200
j.rnd,2,119,dbl1st,TRUE,26.27631,240,25.69593,60,26.31241,200
j.rnd,2,120,dbl1st,TRUE,23.97113,240,25.46472,60,24.01737,200
j.rnd,2,17,dbl1st,TRUE,44.30703,240,45.68978,60,46.47602,200
j.rnd,2,18,dbl1st,TRUE,45.9924,240,46.29257,60,45.48549,200
j.rnd,2,19,dbl1st,TRUE,44.15608,240,44.05857,60,47.12287,200
j.rnd,2,20,dbl1st,TRUE,44.10093,240,46.1386,60,45.96254,200
j.rnd,2,21,dbl1st,TRUE,51.55013,240,50.78779,60,51.44174,200
j.rnd,2,22,dbl1st,TRUE,51.54071,240,49.55794,60,52.14384,200
j.rnd,2,23,dbl1st,TRUE,30.26385,240,30.34654,60,30.43248,200
j.rnd,2,24,dbl1st,TRUE,34.24506,240,32.99411,60,32.90398,200
j.rnd,2,25,dbl1st,TRUE,21.48496,240,21.08996,60,22.1712,200
j.rnd,2,26,dbl1st,TRUE,52.39684,240,54.85933,60,54.22517,200
j.rnd,2,27,dbl1st,TRUE,42.56683,240,43.00435,60,42.59115,200
j.rnd,2,28,dbl1st,TRUE,58.40811,240,56.58492,60,58.04402,200
j.rnd,2,29,dbl1st,TRUE,48.63223,240,47.00525,60,49.89875,200
j.rnd,2,30,dbl1st,TRUE,30.19551,240,30.33484,60,29.8459,200
j.rnd,2,31,dbl1st,TRUE,34.11456,240,32.93708,60,32.78309,200
j.rnd,2,32,dbl1st,TRUE,21.48496,240,21.08996,60,22.1712,200
j.rnd,2,33,dbl1st,TRUE,54.98424,240,55.28538,60,54.68192,200
j.rnd,2,34,dbl1st,TRUE,42.96334,240,43.41216,60,41.91253,200
j.rnd,2,35,dbl1st,TRUE,58.65852,240,59.97458,60,58.3599,200
j.rnd,2,36,dbl1st,TRUE,44.99448,240,44.40926,60,45.16224,200
j.rnd,2,37,dbl1st,TRUE,44.12672,240,42.08387,60,44.39195,200
j.rnd,2,38,dbl1st,TRUE,44.18564,240,42.50384,60,44.21387,200
j.rnd,2,39,dbl1st,TRUE,34.34713,240,32.99411,60,32.9227,200
j.rnd,2,40,dbl1st,TRUE,23.83845,240,23.07771,60,22.67294,200
j.rnd,2,41,dbl1st,TRUE,51.14322,240,50.90447,60,52.47031,200
j.rnd,2,42,dbl1st,TRUE,25.2321,240,24.46897,60,27.31922,200
j.rnd,2,43,dbl1st,TRUE,45.98278,240,46.33027,60,45.59702,200
j.rnd,2,44,dbl1st,TRUE,34.24356,240,32.99411,60,32.93279,200
j.rnd,2,45,dbl1st,TRUE,34.11456,240,32.93708,60,32.78309,200
j.rnd,2,46,dbl1st,TRUE,48.8933,240,47.61426,60,48.72379,200
j.rnd,2,47,dbl1st,TRUE,38.79529,240,38.54884,60,37.982,200
j.rnd,2,48,dbl1st,TRUE,34.34713,240,32.99411,60,32.9227,200
j.rnd,2,49,dbl1st,TRUE,22.76003,240,21.07098,60,21.46046,200
j.rnd,2,50,dbl1st,TRUE,55.40061,240,59.09757,60,55.73451,200
j.rnd,2,51,dbl1st,TRUE,29.34148,240,27.03709,60,28.92978,200
j.rnd,2,52,dbl1st,TRUE,53.17237,240,53.44171,60,51.78606,200
j.rnd,2,53,dbl1st,TRUE,33.56676,240,32.5454,60,33.48768,200
j.rnd,2,54,dbl1st,TRUE,34.53595,240,33.00206,60,35.32259,200
j.rnd,2,55,dbl1st,TRUE,34.34713,240,32.99411,60,32.9227,200
j.rnd,2,56,dbl1st,TRUE,50.4441,240,51.9145,60,53.13425,200
j.rnd,2,57,dbl1st,TRUE,30.94225,240,31.57267,60,30.94144,200
j.rnd,2,58,dbl1st,TRUE,37.85494,240,36.48596,60,38.25898,200
j.rnd,2,59,dbl1st,TRUE,29.5402,240,28.68363,60,29.39626,200
j.rnd,2,60,dbl1st,TRUE,56.74485,240,57.87496,60,55.07688,200
j.rnd,2,61,dbl1st,TRUE,41.58056,240,41.89791,60,41.92662,200
j.rnd,2,62,dbl1st,TRUE,55.21978,240,56.7226,60,57.46834,200
j.rnd,2,63,dbl1st,TRUE,49.55008,240,51.44771,60,51.87367,200
j.rnd,2,64,dbl1st,TRUE,47.51165,240,48.93582,60,49.10401,200
j.rnd,2,65,dbl1st,TRUE,37.79893,240,36.48395,60,38.25166,200
j.rnd,2,66,dbl1st,TRUE,37.99569,240,36.23697,60,37.84231,200
j.rnd,2,67,dbl1st,TRUE,22.12691,240,22.89455,60,22.1164,200
j.rnd,2,68,dbl1st,TRUE,30.13876,240,30.45451,60,30.45234,200
j.rnd,2,69,dbl1st,TRUE,35.83766,240,33.9898,60,34.91109,200
j.rnd,2,70,dbl1st,TRUE,26.87935,240,26.09811,60,26.17427,200
j.rnd,2,71,dbl1st,TRUE,52.15418,240,51.12158,60,52.41342,200
j.rnd,2,72,dbl1st,TRUE,42.90515,240,42.36631,60,41.82582,200
j.rnd,2,73,dbl1st,TRUE,55.27926,240,55.50673,60,54.94793,200
j.rnd,2,74,dbl1st,TRUE,48.74506,240,52.16805,60,51.30991,200
j.rnd,2,75,dbl1st,TRUE,46.83801,240,48.8278,60,45.57851,200
j.rnd,2,76,dbl1st,TRUE,35.95102,240,33.92577,60,34.89749,200
j.rnd,2,77,dbl1st,TRUE,35.49279,240,34.91274,60,35.29592,200
j.rnd,2,78,dbl1st,TRUE,24.54307,240,25.51444,60,24.91265,200
j.rnd,2,79,dbl1st,TRUE,50.24407,240,51.71345,60,52.90403,200
j.rnd,2,80,dbl1st,TRUE,30.97241,240,31.58495,60,30.87282,200
j.rnd,2,81,dbl1st,TRUE,37.97668,240,36.60221,60,38.05676,200
j.rnd,2,82,dbl1st,TRUE,30.11279,240,28.32732,60,30.00461,200
j.rnd,2,83,dbl1st,TRUE,56.59627,240,57.64929,60,54.62289,200
j.rnd,2,84,dbl1st,TRUE,41.26938,240,41.89791,60,42.26972,200
j.rnd,2,85,dbl1st,TRUE,54.65229,240,55.79444,60,56.85066,200
j.rnd,2,86,dbl1st,TRUE,49.15155,240,51.59712,60,52.58348,200
j.rnd,2,87,dbl1st,TRUE,47.89192,240,48.79176,60,48.28031,200
j.rnd,2,88,dbl1st,TRUE,38.01956,240,36.69599,60,38.19213,200
j.rnd,2,89,dbl1st,TRUE,38.03242,240,36.09433,60,38.01646,200
j.rnd,2,90,dbl1st,TRUE,51.39279,240,51.24584,60,52.32547,200
j.rnd,2,91,dbl1st,TRUE,24.54307,240,25.51444,60,24.91265,200
j.rnd,2,92,dbl1st,TRUE,48.52557,240,50.9514,60,50.4704,200
j.rnd,2,93,dbl1st,TRUE,30.17325,240,29.1257,60,28.74084,200
j.rnd,2,94,dbl1st,TRUE,34.02339,240,32.78237,60,32.1774,200
j.rnd,2,95,dbl1st,TRUE,27.00581,240,26.96603,60,26.59798,200
j.rnd,2,96,dbl1st,TRUE,53.80272,240,57.08628,60,55.72607,200
j.rnd,2,97,dbl1st,TRUE,39.51722,240,39.23669,60,39.68462,200
j.rnd,2,98,dbl1st,TRUE,56.07544,240,59.30308,60,56.74128,200
j.rnd,2,99,dbl1st,TRUE,46.51229,240,43.80758,60,48.34209,200
j.rnd,3,1,dbl1st,TRUE,45.30846,240,42.0256,60,44.61897,200
j.rnd,3,10,dbl1st,TRUE,41.45588,240,38.1226,60,41.32267,200
j.rnd,3,11,dbl1st,TRUE,33.57426,240,31.9819,60,34.61313,200
j.rnd,3,12,dbl1st,TRUE,33.16572,240,33.11619,60,35.43955,200
j.rnd,3,13,dbl1st,TRUE,33.35389,240,32.99595,60,34.8237,200
j.rnd,3,14,dbl1st,TRUE,32.75481,240,29.05362,60,31.95191,200
j.rnd,3,15,dbl1st,TRUE,19.69452,240,20.18286,60,20.33717,200
j.rnd,3,16,dbl1st,TRUE,21.14336,240,20.05125,60,20.23585,200
j.rnd,3,2,dbl1st,TRUE,32.74029,240,32.63208,60,32.26264,200
j.rnd,3,3,dbl1st,TRUE,32.73606,240,32.86985,60,32.34395,200
j.rnd,3,4,dbl1st,TRUE,32.77524,240,32.63208,60,32.14112,200
j.rnd,3,5,dbl1st,TRUE,52.7494,240,51.50858,60,52.68685,200
j.rnd,3,6,dbl1st,TRUE,52.85506,240,50.15114,60,51.74547,200
j.rnd,3,7,dbl1st,TRUE,52.83973,240,49.30182,60,51.62032,200
j.rnd,3,8,dbl1st,TRUE,43.4727,240,40.06036,60,43.51699,200
j.rnd,3,9,dbl1st,TRUE,33.91603,240,34.61592,60,35.0666,200
j.rnd,3,100,dbl1st,TRUE,53.0315,240,49.82532,60,52.91952,200
j.rnd,3,101,dbl1st,TRUE,53.97466,240,50.6514,60,53.08899,200
j.rnd,3,102,dbl1st,TRUE,45.30704,240,45.68715,60,45.23704,200
j.rnd,3,103,dbl1st,TRUE,34.89803,240,32.26767,60,35.80693,200
j.rnd,3,104,dbl1st,TRUE,54.16252,240,51.2432,60,53.49094,200
j.rnd,3,105,dbl1st,TRUE,31.20532,240,28.81229,60,32.2051,200
j.rnd,3,106,dbl1st,TRUE,44.11444,240,42.50622,60,44.22797,200
j.rnd,3,107,dbl1st,TRUE,43.74963,240,41.78328,60,43.84718,200
j.rnd,3,108,dbl1st,TRUE,34.27388,240,32.99411,60,32.90398,200
j.rnd,3,109,dbl1st,TRUE,23.83845,240,23.07771,60,22.67294,200
j.rnd,3,110,dbl1st,TRUE,51.32509,240,51.43956,60,52.66704,200
j.rnd,3,111,dbl1st,TRUE,25.15679,240,24.47112,60,27.1941,200
j.rnd,3,112,dbl1st,TRUE,45.79794,240,45.71701,60,45.73281,200
j.rnd,3,113,dbl1st,TRUE,43.66911,240,41.60387,60,44.02581,200
j.rnd,3,114,dbl1st,TRUE,42.65637,240,41.71465,60,43.09896,200
j.rnd,3,115,dbl1st,TRUE,34.40169,240,32.98568,60,32.89045,200
j.rnd,3,116,dbl1st,TRUE,24.56723,240,23.07933,60,23.87972,200
j.rnd,3,117,dbl1st,TRUE,52.6137,240,52.00123,60,55.19604,200
j.rnd,3,118,dbl1st,TRUE,25.26545,240,24.66575,60,27.15131,200
j.rnd,3,119,dbl1st,TRUE,46.75842,240,49.68297,60,48.47029,200
j.rnd,3,120,dbl1st,TRUE,34.56002,240,32.92197,60,32.79294,200
j.rnd,3,17,dbl1st,TRUE,36.92516,240,33.96335,60,36.70261,200
j.rnd,3,18,dbl1st,TRUE,40.09368,240,38.5513,60,40.36272,200
j.rnd,3,19,dbl1st,TRUE,35.41478,240,36.86688,60,35.76757,200
j.rnd,3,20,dbl1st,TRUE,41.84776,240,38.97846,60,41.26629,200
j.rnd,3,21,dbl1st,TRUE,52.75354,240,49.73428,60,51.22353,200
j.rnd,3,22,dbl1st,TRUE,52.96536,240,49.00068,60,51.44014,200
j.rnd,3,23,dbl1st,TRUE,52.65795,240,50.0636,60,52.18277,200
j.rnd,3,24,dbl1st,TRUE,50.89077,240,46.136,60,52.13452,200
j.rnd,3,25,dbl1st,TRUE,35.31093,240,33.98033,60,35.81075,200
j.rnd,3,26,dbl1st,TRUE,35.30864,240,32.69843,60,34.65524,200
j.rnd,3,27,dbl1st,TRUE,52.85259,240,49.57955,60,52.22389,200
j.rnd,3,28,dbl1st,TRUE,45.29533,240,45.39083,60,46.4406,200
j.rnd,3,29,dbl1st,TRUE,52.66884,240,49.38766,60,51.58135,200
j.rnd,3,30,dbl1st,TRUE,34.84562,240,34.04314,60,34.81908,200
j.rnd,3,31,dbl1st,TRUE,48.16768,240,49.10457,60,48.0553,200
j.rnd,3,32,dbl1st,TRUE,39.83607,240,38.19114,60,40.1651,200
j.rnd,3,33,dbl1st,TRUE,31.39139,240,29.79671,60,31.96403,200
j.rnd,3,34,dbl1st,TRUE,43.56889,240,41.69508,60,43.5614,200
j.rnd,3,35,dbl1st,TRUE,40.31106,240,38.12032,60,40.50284,200
j.rnd,3,36,dbl1st,TRUE,44.36716,240,41.96143,60,43.97504,200
j.rnd,3,37,dbl1st,TRUE,44.58377,240,41.32202,60,44.5506,200
j.rnd,3,38,dbl1st,TRUE,44.64504,240,41.68807,60,45.0643,200
j.rnd,3,39,dbl1st,TRUE,34.81929,240,33.95353,60,34.41317,200
j.rnd,3,40,dbl1st,TRUE,15.94504,240,16.68918,60,16.15048,200
j.rnd,3,41,dbl1st,TRUE,23.84245,240,23.07771,60,22.61698,200
j.rnd,3,42,dbl1st,TRUE,56.35625,240,56.58004,60,55.9715,200
j.rnd,3,43,dbl1st,TRUE,44.78285,240,45.85665,60,45.68819,200
j.rnd,3,44,dbl1st,TRUE,51.1477,240,49.47538,60,51.67399,200
j.rnd,3,45,dbl1st,TRUE,44.59603,240,44.83249,60,44.6067,200
j.rnd,3,46,dbl1st,TRUE,40.61664,240,40.16881,60,40.56208,200
j.rnd,3,47,dbl1st,TRUE,31.80585,240,30.12629,60,31.43869,200
j.rnd,3,48,dbl1st,TRUE,25.16693,240,25.08993,60,27.38663,200
j.rnd,3,49,dbl1st,TRUE,25.05947,240,24.61776,60,24.73347,200
j.rnd,3,50,dbl1st,TRUE,44.20564,240,45.10358,60,42.93944,200
j.rnd,3,51,dbl1st,TRUE,60.1888,240,59.86456,60,59.24087,200
j.rnd,3,52,dbl1st,TRUE,44.11837,240,47.7109,60,44.98902,200
j.rnd,3,53,dbl1st,TRUE,45.87163,240,45.52056,60,46.42295,200
j.rnd,3,54,dbl1st,TRUE,43.79061,240,44.6677,60,47.85975,200
j.rnd,3,55,dbl1st,TRUE,44.70205,240,47.93627,60,45.29941,200
j.rnd,3,56,dbl1st,TRUE,51.08415,240,52.02737,60,51.60622,200
j.rnd,3,57,dbl1st,TRUE,43.93715,240,41.65158,60,44.34979,200
j.rnd,3,58,dbl1st,TRUE,43.66247,240,42.42259,60,44.45508,200
j.rnd,3,59,dbl1st,TRUE,44.48397,240,42.0887,60,45.11515,200
j.rnd,3,60,dbl1st,TRUE,35.84862,240,34.85122,60,35.55647,200
j.rnd,3,61,dbl1st,TRUE,16.00674,240,16.62955,60,16.04926,200
j.rnd,3,62,dbl1st,TRUE,24.52036,240,23.08361,60,23.79506,200
j.rnd,3,63,dbl1st,TRUE,54.88682,240,56.50677,60,56.48235,200
j.rnd,3,64,dbl1st,TRUE,45.15302,240,45.45988,60,46.21883,200
j.rnd,3,65,dbl1st,TRUE,51.10307,240,52.73364,60,52.4392,200
j.rnd,3,66,dbl1st,TRUE,44.29628,240,43.99185,60,45.78114,200
j.rnd,3,67,dbl1st,TRUE,40.02264,240,40.27,60,39.62167,200
j.rnd,3,68,dbl1st,TRUE,31.61084,240,29.3053,60,31.28934,200
j.rnd,3,69,dbl1st,TRUE,25.37664,240,24.6675,60,27.27948,200
j.rnd,3,70,dbl1st,TRUE,25.17687,240,24.54237,60,25.10464,200
j.rnd,3,71,dbl1st,TRUE,42.93385,240,43.6375,60,42.28773,200
j.rnd,3,72,dbl1st,TRUE,60.1208,240,57.9235,60,59.09581,200
j.rnd,3,73,dbl1st,TRUE,45.00793,240,43.8281,60,46.13719,200
j.rnd,3,74,dbl1st,TRUE,46.172,240,49.38576,60,48.12566,200
j.rnd,3,75,dbl1st,TRUE,44.97241,240,43.09377,60,46.82416,200
j.rnd,3,76,dbl1st,TRUE,45.23911,240,45.42091,60,46.126,200
j.rnd,3,77,dbl1st,TRUE,52.49405,240,51.32436,60,51.60903,200
j.rnd,3,78,dbl1st,TRUE,49.28529,240,48.63183,60,50.53258,200
j.rnd,3,79,dbl1st,TRUE,30.29648,240,30.1518,60,29.62308,200
j.rnd,3,80,dbl1st,TRUE,34.33828,240,32.92197,60,32.79541,200
j.rnd,3,81,dbl1st,TRUE,21.48496,240,21.08996,60,22.1712,200
j.rnd,3,82,dbl1st,TRUE,53.12935,240,54.75626,60,54.15592,200
j.rnd,3,83,dbl1st,TRUE,41.92203,240,40.48927,60,40.87388,200
j.rnd,3,84,dbl1st,TRUE,56.71086,240,57.75609,60,58.4144,200
j.rnd,3,85,dbl1st,TRUE,45.21886,240,42.10378,60,44.98947,200
j.rnd,3,86,dbl1st,TRUE,45.24449,240,41.18875,60,44.52807,200
j.rnd,3,87,dbl1st,TRUE,44.53348,240,42.15923,60,44.43226,200
j.rnd,3,88,dbl1st,TRUE,32.31322,240,32.47335,60,32.3682,200
j.rnd,3,89,dbl1st,TRUE,31.58431,240,31.02294,60,31.86951,200
j.rnd,3,90,dbl1st,TRUE,23.84245,240,23.07771,60,22.61698,200
j.rnd,3,91,dbl1st,TRUE,53.15148,240,51.81364,60,53.63478,200
j.rnd,3,92,dbl1st,TRUE,54.02194,240,50.43308,60,53.07397,200
j.rnd,3,93,dbl1st,TRUE,50.50237,240,50.50176,60,51.01151,200
j.rnd,3,94,dbl1st,TRUE,42.65966,240,40.7476,60,42.24098,200
j.rnd,3,95,dbl1st,TRUE,32.89511,240,32.94599,60,34.80265,200
j.rnd,3,96,dbl1st,TRUE,33.46912,240,32.6207,60,34.46664,200
j.rnd,3,97,dbl1st,TRUE,25.14804,240,24.38845,60,27.3652,200
j.rnd,3,98,dbl1st,TRUE,21.02117,240,19.83064,60,20.24638,200
j.rnd,3,99,dbl1st,TRUE,36.51645,240,36.915,60,36.72118,200
j.rnd,3,121,dbl1st,TRUE,45.07075,240,40.49238,60,44.30489,200
j.rnd,3,122,dbl1st,TRUE,44.72223,240,40.30908,60,44.52665,200
j.rnd,3,123,dbl1st,TRUE,44.95421,240,40.60075,60,44.5065,200
j.rnd,3,124,dbl1st,TRUE,34.1535,240,33.91201,60,34.00519,200
j.rnd,3,125,dbl1st,TRUE,28.75657,240,27.52102,60,27.01898,200
j.rnd,3,126,dbl1st,TRUE,24.41663,240,23.27699,60,23.69715,200
j.rnd,3,127,dbl1st,TRUE,57.56962,240,55.17883,60,56.69866,200
j.rnd,3,128,dbl1st,TRUE,56.00116,240,55.82427,60,57.22544,200
j.rnd,3,129,dbl1st,TRUE,48.718,240,45.59239,60,49.52258,200
j.rnd,3,130,dbl1st,TRUE,47.53795,240,44.61697,60,45.78368,200
j.rnd,3,131,dbl1st,TRUE,38.06526,240,37.05641,60,38.77151,200
j.rnd,3,132,dbl1st,TRUE,35.18412,240,35.74348,60,36.18585,200
j.rnd,3,133,dbl1st,TRUE,25.66218,240,25.06624,60,27.34339,200
j.rnd,3,134,dbl1st,TRUE,20.89554,240,21.06838,60,21.1389,200
j.rnd,3,135,dbl1st,TRUE,41.42243,240,38.58705,60,40.69422,200
j.rnd,3,136,dbl1st,TRUE,60.67083,240,58.46431,60,59.54466,200
j.rnd,3,137,dbl1st,TRUE,54.78464,240,56.1921,60,57.11335,200
j.rnd,3,138,dbl1st,TRUE,45.18256,240,43.68056,60,44.03783,200
j.rnd,3,139,dbl1st,TRUE,39.76881,240,40.31049,60,41.08989,200
j.rnd,3,140,dbl1st,TRUE,54.96206,240,56.83259,60,56.77768,200
j.rnd,3,141,dbl1st,TRUE,39.42615,240,38.65525,60,40.50309,200
j.rnd,3,142,dbl1st,TRUE,48.2437,240,48.21732,60,49.19889,200
j.rnd,3,143,dbl1st,TRUE,38.42158,240,37.5592,60,38.12336,200
j.rnd,3,144,dbl1st,TRUE,34.24356,240,32.99411,60,32.90933,200
j.rnd,3,145,dbl1st,TRUE,22.85619,240,20.95149,60,21.81204,200
j.rnd,3,146,dbl1st,TRUE,54.08251,240,58.01399,60,56.13419,200
j.rnd,3,147,dbl1st,TRUE,29.46867,240,27.24433,60,29.3467,200
j.rnd,3,148,dbl1st,TRUE,54.20585,240,53.00426,60,52.26054,200
j.rnd,3,149,dbl1st,TRUE,47.00231,240,46.96081,60,48.66378,200
j.rnd,3,150,dbl1st,TRUE,41.18433,240,39.99183,60,41.68866,200
j.rnd,3,151,dbl1st,TRUE,34.44892,240,32.95038,60,32.82357,200
j.rnd,3,152,dbl1st,TRUE,23.68041,240,22.30764,60,22.99994,200
j.rnd,3,153,dbl1st,TRUE,57.08967,240,56.25911,60,58.06913,200
j.rnd,3,154,dbl1st,TRUE,30.00116,240,28.48093,60,31.27927,200
j.rnd,3,155,dbl1st,TRUE,54.32217,240,55.61639,60,55.88442,200
j.rnd,3,156,dbl1st,TRUE,34.26541,240,32.97839,60,35.03216,200
j.rnd,3,157,dbl1st,TRUE,44.56126,240,40.49325,60,43.44089,200
j.rnd,3,158,dbl1st,TRUE,44.3217,240,40.5669,60,43.41653,200
j.rnd,3,159,dbl1st,TRUE,34.34713,240,32.99411,60,32.9227,200
j.rnd,3,160,dbl1st,TRUE,24.76592,240,23.21194,60,23.7953,200
j.rnd,3,161,dbl1st,TRUE,49.61013,240,46.32257,60,50.76724,200
j.rnd,3,162,dbl1st,TRUE,25.6903,240,25.25814,60,27.16946,200
j.rnd,3,163,dbl1st,TRUE,44.6293,240,43.8444,60,43.41181,200
j.rnd,3,164,dbl1st,TRUE,34.24356,240,32.99411,60,32.90933,200
j.rnd,3,165,dbl1st,TRUE,34.36502,240,32.77305,60,32.77885,200
j.rnd,3,166,dbl1st,TRUE,44.63781,240,40.83798,60,44.30612,200
j.rnd,3,167,dbl1st,TRUE,45.51121,240,40.59405,60,44.83988,200
j.rnd,3,168,dbl1st,TRUE,44.52293,240,41.41863,60,44.32993,200
j.rnd,3,169,dbl1st,TRUE,36.16944,240,34.55604,60,35.40967,200
j.rnd,3,170,dbl1st,TRUE,16.82512,240,17.09796,60,16.81736,200
j.rnd,3,171,dbl1st,TRUE,27.25714,240,25.97076,60,26.57324,200
j.rnd,3,172,dbl1st,TRUE,55.5584,240,56.24863,60,54.64366,200
j.rnd,3,173,dbl1st,TRUE,44.53287,240,46.98415,60,46.54089,200
j.rnd,3,174,dbl1st,TRUE,50.06056,240,47.77823,60,50.82785,200
j.rnd,3,175,dbl1st,TRUE,43.26656,240,42.73685,60,43.63525,200
j.rnd,3,176,dbl1st,TRUE,40.55232,240,38.90275,60,40.32089,200
j.rnd,3,177,dbl1st,TRUE,32.64297,240,31.26755,60,31.85547,200
j.rnd,3,178,dbl1st,TRUE,27.25341,240,26.63144,60,27.65313,200
j.rnd,3,179,dbl1st,TRUE,28.80786,240,28.39805,60,28.71446,200
j.rnd,3,180,dbl1st,TRUE,41.88867,240,42.98519,60,42.90595,200
j.rnd,3,181,dbl1st,TRUE,59.71995,240,62.53385,60,59.15928,200
j.rnd,3,182,dbl1st,TRUE,44.59489,240,46.84121,60,46.34973,200
j.rnd,3,183,dbl1st,TRUE,45.62876,240,45.86455,60,46.18764,200
j.rnd,3,184,dbl1st,TRUE,24.7064,240,24.4779,60,24.80774,200
j.rnd,3,185,dbl1st,TRUE,44.50206,240,47.41821,60,45.94432,200
j.rnd,3,186,dbl1st,TRUE,50.68687,240,51.85898,60,51.85108,200
j.rnd,3,187,dbl1st,TRUE,51.53056,240,53.07412,60,52.01764,200
j.rnd,3,188,dbl1st,TRUE,30.79291,240,31.77467,60,31.40254,200
j.rnd,3,189,dbl1st,TRUE,37.67691,240,36.20039,60,38.09396,200
j.rnd,3,190,dbl1st,TRUE,29.34389,240,28.91592,60,28.79368,200
j.rnd,3,191,dbl1st,TRUE,54.96131,240,54.16907,60,54.50728,200
j.rnd,3,192,dbl1st,TRUE,42.24412,240,42.16774,60,42.03031,200
j.rnd,3,193,dbl1st,TRUE,56.29908,240,55.21921,60,57.02097,200
j.rnd,3,194,dbl1st,TRUE,50.80739,240,50.52981,60,51.12763,200
j.rnd,3,195,dbl1st,TRUE,30.38684,240,30.52735,60,30.52312,200
j.rnd,3,196,dbl1st,TRUE,39.11322,240,37.37608,60,39.07713,200
j.rnd,3,197,dbl1st,TRUE,30.25828,240,30.00147,60,30.05318,200
j.rnd,3,198,dbl1st,TRUE,55.71635,240,52.28753,60,55.08172,200
j.rnd,3,199,dbl1st,TRUE,40.32882,240,40.51349,60,39.93305,200
j.rnd,3,200,dbl1st,TRUE,59.93438,240,58.74443,60,59.58609,200
j.rnd,3,201,dbl1st,TRUE,47.30479,240,47.70728,60,48.27295,200
j.rnd,3,202,dbl1st,TRUE,44.91704,240,41.36375,60,45.23034,200
j.rnd,3,203,dbl1st,TRUE,44.12899,240,44.21815,60,44.53202,200
j.rnd,3,204,dbl1st,TRUE,37.68028,240,36.40241,60,38.22906,200
j.rnd,3,205,dbl1st,TRUE,25.41992,240,26.07781,60,24.44938,200
j.rnd,3,206,dbl1st,TRUE,50.59517,240,50.99512,60,52.15104,200
j.rnd,3,207,dbl1st,TRUE,26.97158,240,26.52933,60,27.82608,200
j.rnd,3,208,dbl1st,TRUE,45.26458,240,46.32784,60,46.56231,200
j.rnd,3,209,dbl1st,TRUE,37.90614,240,36.14203,60,37.66983,200
j.rnd,3,210,dbl1st,TRUE,39.11577,240,37.08463,60,39.28317,200
j.rnd,3,211,dbl1st,TRUE,50.33212,240,50.77061,60,49.86695,200
j.rnd,3,212,dbl1st,TRUE,42.17837,240,38.50772,60,41.76928,200
j.rnd,3,213,dbl1st,TRUE,38.32539,240,35.98707,60,37.69887,200
j.rnd,3,214,dbl1st,TRUE,23.68032,240,23.73577,60,23.40703,200
j.rnd,3,215,dbl1st,TRUE,55.57321,240,61.39626,60,56.07252,200
j.rnd,3,216,dbl1st,TRUE,31.46344,240,30.69863,60,32.12131,200
j.rnd,3,217,dbl1st,TRUE,54.34391,240,53.89908,60,53.49266,200
j.rnd,3,218,dbl1st,TRUE,37.6445,240,35.63516,60,37.55811,200
j.rnd,3,219,dbl1st,TRUE,43.85573,240,41.43987,60,42.68502,200
j.rnd,3,220,dbl1st,TRUE,38.48852,240,35.94198,60,37.87508,200
j.rnd,3,221,dbl1st,TRUE,44.91037,240,41.94845,60,44.79792,200
j.rnd,3,222,dbl1st,TRUE,45.22785,240,42.21219,60,45.12909,200
j.rnd,3,223,dbl1st,TRUE,45.29004,240,41.78143,60,44.62601,200
j.rnd,3,224,dbl1st,TRUE,34.84563,240,33.30474,60,34.58603,200
j.rnd,3,225,dbl1st,TRUE,16.23596,240,16.57377,60,16.49717,200
j.rnd,3,226,dbl1st,TRUE,24.6394,240,23.8601,60,23.05397,200
j.rnd,3,227,dbl1st,TRUE,53.90884,240,57.25692,60,55.80953,200
j.rnd,3,228,dbl1st,TRUE,44.14606,240,45.37544,60,45.89307,200
j.rnd,3,229,dbl1st,TRUE,51.0375,240,49.52182,60,51.76126,200
j.rnd,3,230,dbl1st,TRUE,22.22069,240,22.28186,60,22.24534,200
j.rnd,3,231,dbl1st,TRUE,39.17896,240,37.61224,60,38.91802,200
j.rnd,3,232,dbl1st,TRUE,31.91303,240,30.17886,60,31.38878,200
j.rnd,3,233,dbl1st,TRUE,25.77823,240,26.37668,60,27.52201,200
j.rnd,3,234,dbl1st,TRUE,27.28652,240,26.65122,60,27.44422,200
j.rnd,3,235,dbl1st,TRUE,43.0968,240,42.11709,60,42.00367,200
j.rnd,3,236,dbl1st,TRUE,59.52634,240,60.89478,60,59.11894,200
j.rnd,3,237,dbl1st,TRUE,44.1261,240,45.93712,60,45.90532,200
j.rnd,3,238,dbl1st,TRUE,22.39458,240,24.13661,60,21.58342,200
j.rnd,3,239,dbl1st,TRUE,42.36422,240,43.63114,60,44.7284,200
j.rnd,3,240,dbl1st,TRUE,44.223,240,46.48693,60,45.49135,200
j.rnd,3,241,dbl1st,TRUE,50.77435,240,47.66719,60,51.05843,200
j.rnd,3,242,dbl1st,TRUE,22.16283,240,22.89455,60,22.03302,200
j.rnd,3,243,dbl1st,TRUE,30.4356,240,30.4676,60,30.2982,200
j.rnd,3,244,dbl1st,TRUE,35.90343,240,34.02949,60,34.98503,200
j.rnd,3,245,dbl1st,TRUE,26.91982,240,26.50646,60,26.71726,200
j.rnd,3,246,dbl1st,TRUE,51.81002,240,54.49304,60,50.8266,200
j.rnd,3,247,dbl1st,TRUE,43.16561,240,42.33848,60,42.42368,200
j.rnd,3,248,dbl1st,TRUE,55.72601,240,54.664,60,54.98212,200
j.rnd,3,249,dbl1st,TRUE,50.96417,240,52.12221,60,51.08857,200
j.rnd,3,250,dbl1st,TRUE,30.59625,240,31.41447,60,29.9892,200
j.rnd,3,251,dbl1st,TRUE,39.41605,240,39.1923,60,39.0597,200
j.rnd,3,252,dbl1st,TRUE,31.25797,240,31.88072,60,31.6682,200
j.rnd,3,253,dbl1st,TRUE,53.5728,240,51.27635,60,54.88703,200
j.rnd,3,254,dbl1st,TRUE,40.92814,240,38.89698,60,41.63291,200
j.rnd,3,255,dbl1st,TRUE,58.89316,240,59.51525,60,61.21342,200
j.rnd,3,256,dbl1st,TRUE,45.85581,240,45.9607,60,47.86024,200
j.rnd,3,257,dbl1st,TRUE,44.50207,240,42.37431,60,44.6791,200
j.rnd,3,258,dbl1st,TRUE,44.15387,240,43.56089,60,44.28007,200
j.rnd,3,259,dbl1st,TRUE,36.10638,240,34.46356,60,35.17483,200
j.rnd,3,260,dbl1st,TRUE,24.58906,240,23.68998,60,22.79662,200
j.rnd,3,261,dbl1st,TRUE,51.05001,240,49.59888,60,52.272,200
j.rnd,3,262,dbl1st,TRUE,25.59198,240,24.37618,60,27.40747,200
j.rnd,3,263,dbl1st,TRUE,50.54885,240,53.3786,60,50.57381,200
j.rnd,3,264,dbl1st,TRUE,35.97274,240,34.08778,60,35.05182,200
j.rnd,3,265,dbl1st,TRUE,39.01502,240,38.12505,60,38.88569,200
j.rnd,3,266,dbl1st,TRUE,49.25262,240,49.41298,60,49.26384,200
j.rnd,3,267,dbl1st,TRUE,40.2331,240,40.83107,60,41.54945,200
j.rnd,3,268,dbl1st,TRUE,35.98279,240,34.91803,60,35.8359,200
j.rnd,3,269,dbl1st,TRUE,22.78166,240,21.8261,60,22.59525,200
j.rnd,3,270,dbl1st,TRUE,54.13814,240,57.24741,60,55.02488,200
j.rnd,3,271,dbl1st,TRUE,29.83099,240,27.58345,60,29.67195,200
j.rnd,3,272,dbl1st,TRUE,23.11671,240,24.03721,60,23.51794,200
j.rnd,3,273,dbl1st,TRUE,35.39337,240,34.74605,60,35.9016,200
j.rnd,3,274,dbl1st,TRUE,43.34143,240,42.37474,60,42.71475,200
j.rnd,3,275,dbl1st,TRUE,35.97188,240,34.82546,60,35.66219,200
j.rnd,3,276,dbl1st,TRUE,51.01239,240,50.99022,60,51.44453,200
j.rnd,3,277,dbl1st,TRUE,30.93928,240,31.79227,60,31.11063,200
j.rnd,3,278,dbl1st,TRUE,37.84016,240,36.14912,60,38.16326,200
j.rnd,3,279,dbl1st,TRUE,28.94785,240,29.13712,60,28.85254,200
j.rnd,3,280,dbl1st,TRUE,52.17791,240,52.59825,60,51.63059,200
j.rnd,3,281,dbl1st,TRUE,40.71735,240,39.55531,60,40.65128,200
j.rnd,3,282,dbl1st,TRUE,55.07258,240,55.17098,60,56.26273,200
j.rnd,3,283,dbl1st,TRUE,49.82799,240,47.34402,60,50.7718,200
j.rnd,3,284,dbl1st,TRUE,48.38535,240,48.0388,60,48.17466,200
j.rnd,3,285,dbl1st,TRUE,37.65672,240,36.51415,60,38.1403,200
j.rnd,3,286,dbl1st,TRUE,38.2589,240,36.86386,60,37.34525,200
j.rnd,3,287,dbl1st,TRUE,44.97924,240,41.13752,60,44.57957,200
j.rnd,3,288,dbl1st,TRUE,45.04212,240,40.99936,60,44.20416,200
j.rnd,3,289,dbl1st,TRUE,45.07853,240,41.13752,60,44.47115,200
j.rnd,3,290,dbl1st,TRUE,35.95478,240,35.18071,60,35.25095,200
j.rnd,3,291,dbl1st,TRUE,16.80212,240,17.0601,60,16.81361,200
j.rnd,3,292,dbl1st,TRUE,25.35464,240,26.83299,60,24.24541,200
j.rnd,3,293,dbl1st,TRUE,56.37143,240,56.7203,60,55.61263,200
j.rnd,3,294,dbl1st,TRUE,44.14999,240,47.89161,60,45.42642,200
j.rnd,3,295,dbl1st,TRUE,50.19748,240,49.7803,60,51.17659,200
j.rnd,3,296,dbl1st,TRUE,44.33235,240,44.87196,60,44.35256,200
j.rnd,3,297,dbl1st,TRUE,40.00911,240,39.44386,60,40.82064,200
j.rnd,3,298,dbl1st,TRUE,32.55254,240,31.26755,60,31.8969,200
j.rnd,3,299,dbl1st,TRUE,27.50967,240,26.30419,60,27.62376,200
j.rnd,3,300,dbl1st,TRUE,28.39734,240,27.72848,60,28.49325,200
j.rnd,3,301,dbl1st,TRUE,42.47934,240,43.6178,60,42.75933,200
j.rnd,3,302,dbl1st,TRUE,59.59439,240,62.64821,60,59.0873,200
j.rnd,3,303,dbl1st,TRUE,44.60501,240,46.86806,60,46.44666,200
j.rnd,3,304,dbl1st,TRUE,45.36387,240,47.26401,60,47.17808,200
j.rnd,3,305,dbl1st,TRUE,24.72096,240,24.20927,60,24.88511,200
j.rnd,3,306,dbl1st,TRUE,44.32534,240,47.7734,60,45.47378,200
j.rnd,3,307,dbl1st,TRUE,50.47421,240,50.90385,60,51.71003,200
j.rnd,3,308,dbl1st,TRUE,51.24832,240,51.74237,60,51.6002,200
j.rnd,3,309,dbl1st,TRUE,30.76187,240,31.76395,60,31.4502,200
j.rnd,3,310,dbl1st,TRUE,37.84027,240,35.93278,60,37.73968,200
j.rnd,3,311,dbl1st,TRUE,29.03202,240,28.27771,60,28.70248,200
j.rnd,3,312,dbl1st,TRUE,55.13924,240,53.84751,60,54.43234,200
j.rnd,3,313,dbl1st,TRUE,42.25176,240,42.27792,60,41.26137,200
j.rnd,3,314,dbl1st,TRUE,55.45072,240,55.32921,60,56.57955,200
j.rnd,3,315,dbl1st,TRUE,50.90701,240,50.01418,60,51.10099,200
j.rnd,3,316,dbl1st,TRUE,30.51425,240,30.4224,60,30.46254,200
j.rnd,3,317,dbl1st,TRUE,39.57197,240,37.1453,60,39.50752,200
j.rnd,3,318,dbl1st,TRUE,30.81122,240,33.30648,60,30.90085,200
j.rnd,3,319,dbl1st,TRUE,55.30478,240,54.45607,60,55.43832,200
j.rnd,3,320,dbl1st,TRUE,39.91655,240,40.04346,60,39.96114,200
j.rnd,3,321,dbl1st,TRUE,60.70037,240,59.42413,60,59.25919,200
j.rnd,3,322,dbl1st,TRUE,47.70081,240,47.76059,60,48.34642,200
j.rnd,3,323,dbl1st,TRUE,44.83711,240,41.88932,60,45.24188,200
j.rnd,3,324,dbl1st,TRUE,43.89608,240,43.65524,60,43.92788,200
j.rnd,3,325,dbl1st,TRUE,37.81585,240,36.59731,60,38.2543,200
j.rnd,3,326,dbl1st,TRUE,25.4211,240,26.33646,60,24.49513,200
j.rnd,3,327,dbl1st,TRUE,51.12314,240,49.70254,60,52.03976,200
j.rnd,3,328,dbl1st,TRUE,27.03895,240,25.75681,60,27.80772,200
j.rnd,3,329,dbl1st,TRUE,45.78862,240,46.73292,60,46.47234,200
j.rnd,3,330,dbl1st,TRUE,37.36768,240,36.37851,60,37.83944,200
j.rnd,3,331,dbl1st,TRUE,39.41095,240,37.15315,60,39.63199,200
j.rnd,3,332,dbl1st,TRUE,49.88371,240,50.11756,60,49.82326,200
j.rnd,3,333,dbl1st,TRUE,41.47566,240,39.19501,60,40.78905,200
j.rnd,3,334,dbl1st,TRUE,38.38378,240,35.84675,60,37.77462,200
j.rnd,3,335,dbl1st,TRUE,23.67594,240,23.74745,60,23.33888,200
j.rnd,3,336,dbl1st,TRUE,55.85069,240,60.15563,60,56.52319,200
j.rnd,3,337,dbl1st,TRUE,31.93589,240,30.60464,60,32.37278,200
j.rnd,3,338,dbl1st,TRUE,54.42689,240,54.16631,60,53.63637,200
j.rnd,3,339,dbl1st,TRUE,38.23808,240,35.72447,60,37.3897,200
j.rnd,3,340,dbl1st,TRUE,44.39265,240,41.71702,60,43.61905,200
j.rnd,3,341,dbl1st,TRUE,38.46058,240,36.03628,60,37.71516,200
j.rnd,3,342,dbl1st,TRUE,51.1691,240,51.48155,60,53.30698,200
j.rnd,3,343,dbl1st,TRUE,30.90174,240,31.57267,60,30.82485,200
j.rnd,3,344,dbl1st,TRUE,37.85494,240,36.48596,60,38.25166,200
j.rnd,3,345,dbl1st,TRUE,28.78135,240,27.16425,60,28.27019,200
j.rnd,3,346,dbl1st,TRUE,56.46013,240,56.84728,60,54.83175,200
j.rnd,3,347,dbl1st,TRUE,41.39203,240,42.44205,60,41.66263,200
j.rnd,3,348,dbl1st,TRUE,54.75175,240,56.01138,60,56.78378,200
j.rnd,3,349,dbl1st,TRUE,49.50185,240,51.79141,60,52.62953,200
j.rnd,3,350,dbl1st,TRUE,47.66937,240,48.99541,60,48.81565,200
j.rnd,3,351,dbl1st,TRUE,37.75208,240,36.44451,60,38.19987,200
j.rnd,3,352,dbl1st,TRUE,38.02516,240,36.09433,60,37.96884,200
j.rnd,3,353,dbl1st,TRUE,50.54231,240,50.73052,60,51.88612,200
j.rnd,3,354,dbl1st,TRUE,30.96458,240,31.65945,60,31.05556,200
j.rnd,3,355,dbl1st,TRUE,37.44288,240,36.05925,60,37.75158,200
j.rnd,3,356,dbl1st,TRUE,29.16867,240,29.11773,60,29.09781,200
j.rnd,3,357,dbl1st,TRUE,53.09889,240,51.99118,60,51.50419,200
j.rnd,3,358,dbl1st,TRUE,40.87729,240,39.57157,60,40.76828,200
j.rnd,3,359,dbl1st,TRUE,55.55288,240,56.75033,60,55.54738,200
j.rnd,3,360,dbl1st,TRUE,47.75166,240,45.58992,60,48.11888,200
j.rnd,3,361,dbl1st,TRUE,48.33222,240,50.21492,60,47.73888,200
j.rnd,3,362,dbl1st,TRUE,37.4357,240,36.05723,60,37.77964,200
j.rnd,3,363,dbl1st,TRUE,50.36942,240,54.16715,60,50.1268,200
j.rnd,3,364,dbl1st,TRUE,24.54307,240,25.51444,60,24.91265,200
j.rnd,3,365,dbl1st,TRUE,43.0744,240,41.72095,60,43.44671,200
j.rnd,3,366,dbl1st,TRUE,43.13024,240,41.97893,60,43.84033,200
j.rnd,3,367,dbl1st,TRUE,42.7017,240,40.68668,60,42.85341,200
j.rnd,3,368,dbl1st,TRUE,35.83908,240,34.25424,60,35.60074,200
j.rnd,3,369,dbl1st,TRUE,16.25913,240,16.5672,60,16.38251,200
j.rnd,3,370,dbl1st,TRUE,24.33979,240,22.48613,60,23.94714,200
j.rnd,3,371,dbl1st,TRUE,53.54464,240,55.20545,60,54.7923,200
j.rnd,3,372,dbl1st,TRUE,44.10869,240,46.88622,60,43.69111,200
j.rnd,3,373,dbl1st,TRUE,50.288,240,54.49671,60,51.20459,200
j.rnd,3,374,dbl1st,TRUE,46.20321,240,47.53376,60,47.48009,200
j.rnd,3,375,dbl1st,TRUE,39.97685,240,41.54698,60,40.4965,200
j.rnd,3,376,dbl1st,TRUE,31.30857,240,30.44405,60,31.60776,200
j.rnd,3,377,dbl1st,TRUE,25.38961,240,25.42391,60,27.11733,200
j.rnd,3,378,dbl1st,TRUE,27.35736,240,25.82517,60,27.58219,200
j.rnd,3,379,dbl1st,TRUE,45.80109,240,44.07686,60,45.14355,200
j.rnd,3,380,dbl1st,TRUE,59.02294,240,61.17738,60,58.80701,200
j.rnd,3,381,dbl1st,TRUE,43.96511,240,45.05523,60,43.48336,200
j.rnd,3,382,dbl1st,TRUE,46.05265,240,46.69693,60,46.28939,200
j.rnd,3,383,dbl1st,TRUE,45.74073,240,44.59776,60,46.45791,200
j.rnd,3,384,dbl1st,TRUE,43.84741,240,46.89044,60,43.42783,200
j.rnd,3,385,dbl1st,TRUE,51.3633,240,53.32577,60,50.52277,200
j.rnd,3,386,dbl1st,TRUE,48.77479,240,52.00768,60,49.38893,200
j.rnd,3,387,dbl1st,TRUE,30.4644,240,28.20733,60,28.60266,200
j.rnd,3,388,dbl1st,TRUE,33.26436,240,32.51816,60,32.70813,200
j.rnd,3,389,dbl1st,TRUE,27.09116,240,26.81592,60,27.21891,200
j.rnd,3,390,dbl1st,TRUE,54.33742,240,55.42905,60,54.7485,200
j.rnd,3,391,dbl1st,TRUE,39.65992,240,40.09994,60,39.5592,200
j.rnd,3,392,dbl1st,TRUE,56.44446,240,59.50545,60,56.96762,200
j.rnd,3,393,dbl1st,TRUE,51.942,240,50.85964,60,51.84543,200
j.rnd,3,394,dbl1st,TRUE,31.07858,240,29.62856,60,28.87468,200
j.rnd,3,395,dbl1st,TRUE,34.05006,240,33.73902,60,31.65589,200
j.rnd,3,396,dbl1st,TRUE,24.25986,240,23.10381,60,24.28865,200
j.rnd,3,397,dbl1st,TRUE,53.40761,240,56.23338,60,55.39303,200
j.rnd,3,398,dbl1st,TRUE,39.78123,240,41.45202,60,39.27129,200
j.rnd,3,399,dbl1st,TRUE,54.81814,240,52.63635,60,55.82285,200
j.rnd,3,400,dbl1st,TRUE,46.51522,240,44.02704,60,48.35572,200
j.rnd,3,401,dbl1st,TRUE,42.82048,240,41.19171,60,42.78392,200
j.rnd,3,402,dbl1st,TRUE,41.71058,240,40.28163,60,41.98452,200
j.rnd,3,403,dbl1st,TRUE,34.02339,240,32.78237,60,32.1774,200
j.rnd,3,404,dbl1st,TRUE,24.36111,240,22.37953,60,23.76101,200
j.rnd,3,405,dbl1st,TRUE,52.48026,240,55.374,60,52.93534,200
j.rnd,3,406,dbl1st,TRUE,25.74309,240,24.8055,60,27.06644,200
j.rnd,3,407,dbl1st,TRUE,46.7146,240,47.69647,60,47.25526,200
j.rnd,3,408,dbl1st,TRUE,33.59605,240,32.80689,60,32.54243,200
j.rnd,3,409,dbl1st,TRUE,34.3463,240,34.59489,60,31.63185,200
j.rnd,3,410,dbl1st,TRUE,48.57244,240,47.09906,60,48.74509,200
j.rnd,3,411,dbl1st,TRUE,45.30456,240,47.41625,60,47.16025,200
j.rnd,3,412,dbl1st,TRUE,33.75123,240,33.16438,60,32.93044,200
j.rnd,3,413,dbl1st,TRUE,22.95313,240,20.91593,60,21.5785,200
j.rnd,3,414,dbl1st,TRUE,56.58396,240,59.68535,60,56.74937,200
j.rnd,3,415,dbl1st,TRUE,32.41853,240,31.74361,60,33.1443,200
j.rnd,3,416,dbl1st,TRUE,55.63573,240,57.18849,60,54.68881,200
j.rnd,3,417,dbl1st,TRUE,37.24214,240,35.03204,60,36.97853,200
j.rnd,3,418,dbl1st,TRUE,43.75293,240,42.94778,60,43.47055,200
j.rnd,3,419,dbl1st,TRUE,33.73034,240,32.79895,60,32.77223,200
j.rnd,3,420,dbl1st,TRUE,50.36739,240,51.69143,60,50.5615,200
j.rnd,3,421,dbl1st,TRUE,31.37811,240,29.55868,60,28.94702,200
j.rnd,3,422,dbl1st,TRUE,38.18807,240,37.24508,60,38.96394,200
j.rnd,3,423,dbl1st,TRUE,33.65675,240,33.07679,60,34.13947,200
j.rnd,3,424,dbl1st,TRUE,54.04011,240,56.69089,60,56.27929,200
j.rnd,3,425,dbl1st,TRUE,41.44486,240,40.77492,60,41.55454,200
j.rnd,3,426,dbl1st,TRUE,58.03903,240,62.42219,60,60.67127,200
j.rnd,3,427,dbl1st,TRUE,50.24598,240,50.87631,60,50.75289,200
j.rnd,3,428,dbl1st,TRUE,50.50789,240,52.71968,60,53.69151,200
j.rnd,3,429,dbl1st,TRUE,38.47811,240,37.02036,60,39.45792,200
j.rnd,3,430,dbl1st,TRUE,46.91173,240,48.45045,60,47.11232,200
j.rnd,3,431,dbl1st,TRUE,49.1971,240,50.57685,60,50.60742,200
j.rnd,3,432,dbl1st,TRUE,30.55639,240,30.40342,60,29.88055,200
j.rnd,3,433,dbl1st,TRUE,35.85667,240,36.17603,60,36.97692,200
j.rnd,3,434,dbl1st,TRUE,32.3788,240,32.33006,60,31.43777,200
j.rnd,3,435,dbl1st,TRUE,54.87643,240,54.63354,60,55.88154,200
j.rnd,3,436,dbl1st,TRUE,41.02262,240,41.45462,60,39.99111,200
j.rnd,3,437,dbl1st,TRUE,58.50372,240,62.07447,60,59.79958,200
j.rnd,3,438,dbl1st,TRUE,47.59285,240,53.46826,60,49.67,200
j.rnd,3,439,dbl1st,TRUE,53.0085,240,51.32213,60,53.83337,200
j.rnd,3,440,dbl1st,TRUE,36.14112,240,36.62745,60,37.294,200
j.rnd,3,441,dbl1st,TRUE,46.25397,240,46.71325,60,46.18076,200
j.rnd,3,442,dbl1st,TRUE,49.96861,240,53.45135,60,52.47355,200
j.rnd,3,443,dbl1st,TRUE,50.62398,240,52.31992,60,50.48796,200
j.rnd,3,444,dbl1st,TRUE,31.1509,240,29.4351,60,29.16419,200
j.rnd,3,445,dbl1st,TRUE,38.18803,240,37.24508,60,39.0518,200
j.rnd,3,446,dbl1st,TRUE,33.7601,240,33.71517,60,33.88479,200
j.rnd,3,447,dbl1st,TRUE,54.38749,240,56.47567,60,56.48167,200
j.rnd,3,448,dbl1st,TRUE,41.11246,240,41.15021,60,41.65514,200
j.rnd,3,449,dbl1st,TRUE,58.3957,240,61.03278,60,61.08496,200
j.rnd,3,450,dbl1st,TRUE,50.3653,240,51.18808,60,50.2155,200
j.rnd,3,451,dbl1st,TRUE,50.63952,240,52.10113,60,53.15199,200
j.rnd,3,452,dbl1st,TRUE,38.0708,240,36.24166,60,39.30169,200
j.rnd,3,453,dbl1st,TRUE,46.64344,240,48.00038,60,47.47204,200
j.rnd,3,454,dbl1st,TRUE,50.51298,240,51.70546,60,52.72741,200
j.rnd,3,455,dbl1st,TRUE,50.32756,240,51.52389,60,53.04585,200
j.rnd,3,456,dbl1st,TRUE,24.49363,240,23.59924,60,24.70323,200
j.rnd,3,457,dbl1st,TRUE,24.44747,240,23.87872,60,24.69149,200
j.rnd,3,458,dbl1st,TRUE,24.5455,240,23.48138,60,24.79647,200
j.rnd,3,459,dbl1st,TRUE,28.81359,240,27.51728,60,28.236,200
j.rnd,3,460,dbl1st,TRUE,16.83471,240,16.95997,60,16.49588,200
j.rnd,3,461,dbl1st,TRUE,14.28257,240,14.39607,60,14.92288,200
j.rnd,3,462,dbl1st,TRUE,32.33168,240,31.17999,60,32.03243,200
j.rnd,3,463,dbl1st,TRUE,31.88113,240,29.95025,60,33.98632,200
j.rnd,3,464,dbl1st,TRUE,31.76205,240,31.10993,60,32.79556,200
j.rnd,3,465,dbl1st,TRUE,40.24937,240,39.04754,60,39.87513,200
j.rnd,3,466,dbl1st,TRUE,28.75374,240,27.20712,60,28.49832,200
j.rnd,3,467,dbl1st,TRUE,19.20251,240,19.27652,60,19.21054,200
j.rnd,3,468,dbl1st,TRUE,18.05462,240,18.10743,60,18.2399,200
j.rnd,3,469,dbl1st,TRUE,21.64824,240,20.48013,60,21.40337,200
j.rnd,3,470,dbl1st,TRUE,40.57552,240,40.67135,60,41.93929,200
j.rnd,3,471,dbl1st,TRUE,39.59587,240,37.87294,60,38.60699,200
j.rnd,3,472,dbl1st,TRUE,31.68902,240,30.23123,60,33.81093,200
j.rnd,3,473,dbl1st,TRUE,25.23125,240,24.96652,60,26.30286,200
j.rnd,3,474,dbl1st,TRUE,40.16462,240,39.53345,60,40.29489,200
j.rnd,3,475,dbl1st,TRUE,31.3576,240,29.84018,60,33.23026,200
j.rnd,3,476,dbl1st,TRUE,39.5831,240,38.68872,60,41.50234,200
j.rnd,3,477,dbl1st,TRUE,28.59077,240,26.79518,60,28.49317,200
j.rnd,3,478,dbl1st,TRUE,17.22162,240,16.85864,60,16.85268,200
j.rnd,3,479,dbl1st,TRUE,14.48821,240,14.1171,60,15.12375,200
j.rnd,3,480,dbl1st,TRUE,21.42897,240,21.34936,60,21.09995,200
j.rnd,3,481,dbl1st,TRUE,41.52014,240,41.17738,60,42.02372,200
j.rnd,3,482,dbl1st,TRUE,43.15832,240,43.6379,60,42.30057,200
j.rnd,3,483,dbl1st,TRUE,42.89488,240,42.81826,60,43.54621,200
j.rnd,3,484,dbl1st,TRUE,32.26353,240,32.45876,60,33.33056,200
j.rnd,3,485,dbl1st,TRUE,17.00906,240,16.98823,60,16.60149,200
j.rnd,3,486,dbl1st,TRUE,14.57632,240,14.21983,60,15.14165,200
j.rnd,3,487,dbl1st,TRUE,20.8389,240,20.46072,60,20.55292,200
j.rnd,3,488,dbl1st,TRUE,42.35717,240,42.6717,60,42.29153,200
j.rnd,3,489,dbl1st,TRUE,43.15832,240,43.6379,60,42.28582,200
j.rnd,3,490,dbl1st,TRUE,44.48563,240,44.4797,60,44.64056,200
j.rnd,3,491,dbl1st,TRUE,21.94171,240,22.58594,60,22.22787,200
j.rnd,3,492,dbl1st,TRUE,24.01948,240,22.94519,60,25.0317,200
j.rnd,3,493,dbl1st,TRUE,26.33208,240,27.99639,60,25.94993,200
j.rnd,3,494,dbl1st,TRUE,14.48786,240,14.0681,60,15.09016,200
j.rnd,3,495,dbl1st,TRUE,14.03553,240,14.62336,60,14.84598,200
j.rnd,3,496,dbl1st,TRUE,32.65121,240,32.39055,60,33.21038,200
j.rnd,3,497,dbl1st,TRUE,18.07893,240,18.25073,60,18.24947,200
j.rnd,3,498,dbl1st,TRUE,24.24528,240,23.94993,60,25.76068,200
j.rnd,3,499,dbl1st,TRUE,14.45738,240,14.16842,60,15.10244,200
j.rnd,3,500,dbl1st,TRUE,14.55303,240,14.25037,60,15.06786,200
j.rnd,3,501,dbl1st,TRUE,27.45344,240,25.59568,60,26.74519,200
j.rnd,3,502,dbl1st,TRUE,33.5097,240,33.01997,60,32.6739,200
j.rnd,3,503,dbl1st,TRUE,14.34308,240,14.24407,60,14.49527,200
j.rnd,3,504,dbl1st,TRUE,18.53757,240,18.43756,60,17.96774,200
j.rnd,3,505,dbl1st,TRUE,37.76631,240,36.80768,60,38.93597,200
j.rnd,3,506,dbl1st,TRUE,18.82906,240,17.84111,60,18.34397,200
j.rnd,3,507,dbl1st,TRUE,31.11402,240,29.79226,60,31.8119,200
j.rnd,3,508,dbl1st,TRUE,14.79145,240,15.52575,60,15.54123,200
j.rnd,3,509,dbl1st,TRUE,14.75106,240,14.79273,60,15.49801,200
j.rnd,3,510,dbl1st,TRUE,14.25729,240,14.24603,60,14.25118,200
j.rnd,3,511,dbl1st,TRUE,29.34918,240,27.98681,60,28.39419,200
j.rnd,3,512,dbl1st,TRUE,17.74033,240,18.10382,60,17.61421,200
j.rnd,3,513,dbl1st,TRUE,16.70257,240,16.19535,60,16.74861,200
j.rnd,3,514,dbl1st,TRUE,25.37681,240,25.04145,60,25.90193,200
j.rnd,3,515,dbl1st,TRUE,41.35893,240,40.91261,60,41.95245,200
j.rnd,3,516,dbl1st,TRUE,25.66674,240,25.09626,60,25.54508,200
j.rnd,3,517,dbl1st,TRUE,24.05349,240,23.83931,60,25.01612,200
j.rnd,3,518,dbl1st,TRUE,26.83,240,25.36255,60,25.79336,200
j.rnd,3,519,dbl1st,TRUE,27.87764,240,27.24414,60,27.50646,200
j.rnd,3,520,dbl1st,TRUE,16.68181,240,16.16102,60,16.56076,200
j.rnd,3,521,dbl1st,TRUE,16.90715,240,17.25491,60,17.84907,200
j.rnd,3,522,dbl1st,TRUE,27.98225,240,26.61087,60,27.91471,200
j.rnd,3,523,dbl1st,TRUE,17.31513,240,17.18065,60,17.03874,200
j.rnd,3,524,dbl1st,TRUE,15.43334,240,14.82245,60,15.79397,200
j.rnd,3,525,dbl1st,TRUE,23.03951,240,22.67035,60,23.54782,200
j.rnd,3,526,dbl1st,TRUE,41.11971,240,41.01063,60,42.89184,200
j.rnd,3,527,dbl1st,TRUE,24.26879,240,24.77335,60,23.95716,200
j.rnd,3,528,dbl1st,TRUE,42.71232,240,43.47656,60,43.28981,200
j.rnd,3,529,dbl1st,TRUE,24.99477,240,25.20006,60,24.76278,200
j.rnd,3,530,dbl1st,TRUE,29.84549,240,28.04109,60,29.66889,200
j.rnd,3,531,dbl1st,TRUE,15.36551,240,14.82245,60,15.7172,200
j.rnd,3,532,dbl1st,TRUE,15.98637,240,16.45775,60,16.59139,200
j.rnd,3,533,dbl1st,TRUE,26.48849,240,25.59394,60,26.14345,200
j.rnd,3,534,dbl1st,TRUE,29.58461,240,27.64605,60,28.33062,200
j.rnd,3,535,dbl1st,TRUE,17.76582,240,18.10645,60,17.56365,200
j.rnd,3,536,dbl1st,TRUE,16.49591,240,16.22851,60,16.65666,200
j.rnd,3,537,dbl1st,TRUE,25.22633,240,25.73688,60,25.0677,200
j.rnd,3,538,dbl1st,TRUE,40.38928,240,39.74074,60,41.31113,200
j.rnd,3,539,dbl1st,TRUE,26.05366,240,24.86153,60,24.89049,200
j.rnd,3,540,dbl1st,TRUE,24.06591,240,24.10394,60,25.16067,200
j.rnd,3,541,dbl1st,TRUE,26.78531,240,25.33974,60,26.0325,200
j.rnd,3,542,dbl1st,TRUE,28.08138,240,28.38902,60,27.08105,200
j.rnd,3,543,dbl1st,TRUE,16.63687,240,16.24687,60,16.67433,200
j.rnd,3,544,dbl1st,TRUE,16.65468,240,17.22844,60,17.50973,200
j.rnd,3,545,dbl1st,TRUE,26.87102,240,26.17324,60,26.62692,200
j.rnd,3,546,dbl1st,TRUE,46.08604,240,46.92807,60,46.55098,200
j.rnd,3,547,dbl1st,TRUE,28.47349,240,27.34959,60,28.07239,200
j.rnd,3,548,dbl1st,TRUE,16.55819,240,16.42129,60,16.3044,200
j.rnd,3,549,dbl1st,TRUE,14.44856,240,14.01163,60,15.09968,200
j.rnd,3,550,dbl1st,TRUE,20.17039,240,20.27288,60,20.20436,200
j.rnd,3,551,dbl1st,TRUE,41.57188,240,41.14561,60,42.09416,200
j.rnd,3,552,dbl1st,TRUE,26.06296,240,27.30757,60,25.78818,200
j.rnd,3,553,dbl1st,TRUE,44.7482,240,41.57559,60,44.02512,200
j.rnd,3,554,dbl1st,TRUE,24.48505,240,25.69342,60,24.52724,200
j.rnd,3,555,dbl1st,TRUE,23.24213,240,23.90417,60,23.24423,200
j.rnd,3,556,dbl1st,TRUE,14.40402,240,14.06295,60,15.06101,200
j.rnd,3,557,dbl1st,TRUE,15.48002,240,15.50766,60,16.06467,200
j.rnd,3,558,dbl1st,TRUE,30.36049,240,28.40053,60,29.98525,200
j.rnd,3,559,dbl1st,TRUE,30.42684,240,31.21393,60,30.67539,200
j.rnd,3,560,dbl1st,TRUE,29.88744,240,28.27507,60,29.13935,200
